train_idx,recording_id,window_idx
0,812729,1
1,720922,5
2,736268,9
3,1087463,9
4,813954,8
5,737551,3
6,743810,8
7,1048430,8
8,1086866,4
9,1139294,12
10,789575,12
11,984442,11
12,955923,1
13,825254,13
14,1060042,14
15,829232,3
16,1007629,1
17,941230,3
18,1138662,5
19,1023050,12
20,924239,11
21,994379,5
22,899902,8
23,698317,9
24,915555,7
25,1138662,11
26,721569,14
27,1012680,0
28,1049157,0
29,797245,7
30,955945,9
31,1010651,8
32,1012679,13
33,1046357,4
34,880054,5
35,1138668,8
36,1138672,11
37,737551,6
38,958842,10
39,1074392,5
40,721569,9
41,813955,0
42,676545,7
43,1015051,11
44,958837,5
45,749982,0
46,1074392,8
47,1039176,9
48,732715,14
49,694376,10
50,1072200,10
51,1060245,0
52,1138668,6
53,1021073,8
54,1083920,0
55,941230,2
56,1013038,1
57,731970,11
58,1027846,13
59,875451,7
60,1012680,10
61,735856,4
62,789575,5
63,1138662,6
64,1107061,13
65,729504,8
66,1133668,7
67,860679,3
68,975331,14
69,1087463,10
70,1012498,0
71,1139951,6
72,1021071,9
73,789575,14
74,1043795,11
75,1139604,6
76,1092304,10
77,1139294,7
78,1020218,10
79,973034,14
80,880054,10
81,1021072,9
82,1012404,13
83,839869,7
84,1020218,11
85,1014090,2
86,829231,7
87,1060245,11
88,957291,13
89,1139604,8
90,786155,12
91,1080242,10
92,924797,11
93,743810,5
94,1021072,3
95,1095092,10
96,955944,7
97,703911,5
98,661732,13
99,1021073,0
100,1021072,5
101,1047654,9
102,926363,14
103,1094463,4
104,1049703,2
105,1095092,9
106,1027846,2
107,825254,7
108,735856,3
109,1090318,13
110,839869,12
111,994379,4
112,764681,4
113,1138660,7
114,749982,6
115,1085542,13
116,743188,0
117,1138660,14
118,1012679,11
119,731970,8
120,1007629,12
121,1015039,9
122,958842,1
123,743188,4
124,676545,8
125,1045832,3
126,1133668,1
127,1012499,14
128,1139332,9
129,1013742,11
130,958966,4
131,1018064,7
132,1007629,6
133,736268,8
134,1107061,0
135,1029615,2
136,875451,13
137,957291,14
138,786155,10
139,1015039,11
140,1049157,0
141,999642,0
142,1013307,5
143,743188,9
144,812729,1
145,1015039,4
146,1024572,3
147,1138651,9
148,1138427,9
149,1021075,12
150,924626,7
151,957326,12
152,731970,5
153,1060245,8
154,676545,12
155,1014379,5
156,880802,10
157,686057,7
158,1045446,11
159,1083198,13
160,702570,5
161,1082015,14
162,679452,5
163,1024572,7
164,1012506,4
165,958835,5
166,980450,8
167,1036594,7
168,1012506,2
169,786154,0
170,803375,13
171,688631,1
172,984442,4
173,928007,14
174,958837,11
175,1018064,10
176,1104243,13
177,1049157,14
178,1013010,5
179,1056054,3
180,973034,6
181,1099293,7
182,1107072,1
183,1015039,0
184,994379,11
185,935615,11
186,720921,10
187,955942,1
188,1020218,1
189,1092304,8
190,1029615,4
191,1024572,4
192,1051517,9
193,975331,3
194,698317,3
195,661732,7
196,1036594,10
197,1013742,14
198,1138660,0
199,898674,4
200,803375,0
201,737551,7
202,1023050,10
203,1013038,7
204,1138670,4
205,924634,2
206,958838,7
207,766386,11
208,1039176,0
209,911663,7
210,923855,4
211,955923,5
212,735856,0
213,812729,3
214,731970,0
215,1012136,13
216,1012680,5
217,1015039,10
218,1139788,1
219,1013742,12
220,1085542,11
221,899902,0
222,1139788,1
223,691600,5
224,1077841,3
225,1085542,8
226,880056,6
227,720922,9
228,1047654,14
229,1080235,5
230,1139332,0
231,892933,0
232,1015040,1
233,691600,3
234,958837,0
235,661732,14
236,958844,11
237,677543,7
238,720922,6
239,686057,2
240,1021071,1
241,686057,12
242,1045441,11
243,1045832,5
244,1139294,10
245,1015043,9
246,786154,6
247,1035996,6
248,1069251,5
249,963141,7
250,1060245,10
251,786154,1
252,900144,1
253,702570,4
254,1138730,8
255,749982,9
256,786154,4
257,786153,5
258,1007629,13
259,1029615,11
260,1012506,3
261,1138668,8
262,1023050,14
263,958843,10
264,677543,13
265,720922,9
266,1012404,1
267,959153,8
268,1014090,6
269,1094463,5
270,1090713,11
271,900144,0
272,702570,0
273,1095084,12
274,1060245,6
275,959619,9
276,829232,8
277,1012680,10
278,1014090,9
279,1015040,7
280,1043795,3
281,939388,4
282,994379,6
283,1013307,4
284,1009102,3
285,732715,13
286,1080242,12
287,1138660,10
288,1012134,2
289,1139348,4
290,1138730,0
291,803375,3
292,1090713,6
293,1045446,12
294,1074392,4
295,736268,4
296,786153,6
297,1139790,0
298,691600,7
299,955923,2
300,899902,0
301,797245,5
302,1107072,6
303,1046357,12
304,1095084,3
305,694376,6
306,1138672,11
307,1133668,14
308,1009102,10
309,958832,6
310,677543,12
311,924636,14
312,839869,5
313,1015051,6
314,648368,12
315,963141,14
316,706924,5
317,973034,3
318,1021071,6
319,914376,0
320,880802,6
321,994379,0
322,789575,5
323,1024572,1
324,1079586,1
325,1012678,0
326,1138978,9
327,1013847,11
328,736268,12
329,924626,13
330,1013307,0
331,722853,5
332,676545,0
333,1007629,14
334,720339,12
335,1012499,3
336,880056,11
337,1013748,3
338,1138730,11
339,880053,4
340,1133843,5
341,926363,1
342,957326,1
343,1107061,9
344,958837,4
345,1099293,2
346,1021075,11
347,829232,10
348,1074392,7
349,1013307,13
350,1138670,11
351,1045441,3
352,789575,3
353,1100538,0
354,1013748,0
355,1080242,3
356,1138670,1
357,1139790,7
358,880802,7
359,1139332,3
360,764681,13
361,1012136,4
362,1138668,5
363,1094464,1
364,1007629,5
365,958842,6
366,1039176,11
367,994379,2
368,860679,8
369,1094464,5
370,860362,13
371,999808,4
372,1015040,5
373,958966,2
374,1012404,2
375,924797,3
376,1074392,6
377,1082015,6
378,924239,2
379,806343,4
380,1013010,6
381,1138978,1
382,1014379,7
383,1107061,14
384,803375,12
385,688631,6
386,1138427,9
387,955954,7
388,813955,1
389,803375,4
390,1095092,8
391,766386,2
392,924634,14
393,1138670,13
394,1027846,0
395,914376,8
396,880056,7
397,958838,0
398,753469,0
399,975331,3
400,1013307,11
401,688631,12
402,1045441,7
403,900144,5
404,686057,11
405,880802,3
406,911663,1
407,1090713,3
408,1009102,9
409,1012404,8
410,958837,3
411,1060244,5
412,879118,3
413,1060042,8
414,829232,11
415,1090318,14
416,1012500,7
417,743810,12
418,1024572,0
419,1139951,0
420,924631,6
421,1023050,6
422,1010651,7
423,720339,2
424,1018064,10
425,698317,7
426,955944,4
427,955942,8
428,898844,7
429,928007,10
430,1138651,5
431,1029783,7
432,1046357,2
433,1138668,3
434,1015043,7
435,1089801,5
436,698317,13
437,1015039,13
438,731970,11
439,1107061,2
440,1029615,14
441,1138670,12
442,743810,12
443,880056,0
444,732715,5
445,959619,2
446,1138670,2
447,898844,6
448,1079586,0
449,789575,9
450,1079586,3
451,749982,7
452,1138660,2
453,1069251,4
454,1090713,2
455,776026,14
456,829232,6
457,766386,12
458,1036594,1
459,899902,4
460,923855,6
461,923855,13
462,736268,8
463,1021073,5
464,1029783,12
465,1051517,10
466,813954,13
467,1049703,7
468,1021071,5
469,839869,5
470,1138651,4
471,813955,14
472,955944,13
473,880802,4
474,1138832,0
475,1138428,12
476,924626,11
477,1085542,3
478,911663,10
479,1015043,8
480,1049227,4
481,879118,0
482,955943,10
483,1013038,5
484,1139332,9
485,1012134,1
486,1107061,14
487,1014090,12
488,1139348,0
489,980450,5
490,1047654,10
491,1012404,14
492,994379,2
493,1089129,1
494,1015040,6
495,1049227,0
496,1136851,3
497,1021071,3
498,776026,10
499,1012679,5
500,973034,4
501,1012500,6
502,1136851,11
503,1013847,11
504,813955,2
505,860679,1
506,764681,5
507,1007629,7
508,1015039,1
509,1092304,11
510,939388,0
511,764681,7
512,766386,9
513,1080235,4
514,706135,2
515,720921,14
516,1139604,12
517,829232,2
518,743188,7
519,955944,11
520,875451,11
521,1096225,4
522,1014090,1
523,941230,4
524,679452,3
525,766386,12
526,661732,10
527,691600,11
528,677543,5
529,1136851,13
530,1049703,1
531,1107072,7
532,735828,12
533,924634,6
534,648368,0
535,1024572,3
536,1027844,9
537,939388,7
538,1139332,10
539,1138832,14
540,1089801,13
541,1138428,13
542,1031083,6
543,1027844,5
544,694376,2
545,776032,3
546,958835,11
547,999642,12
548,1095092,12
549,872369,2
550,706924,3
551,1027844,1
552,1051517,6
553,1023050,8
554,1138651,14
555,1031083,12
556,702570,4
557,813954,5
558,1083920,13
559,1083198,6
560,860362,7
561,735856,1
562,797245,10
563,1138428,1
564,803375,8
565,1139332,13
566,686057,11
567,880054,1
568,1080242,5
569,1029615,14
570,1012679,11
571,1099293,6
572,1015039,6
573,911663,4
574,1138662,13
575,676545,5
576,1085542,5
577,1094464,0
578,1082015,5
579,1031083,5
580,648368,7
581,963141,4
582,766386,8
583,786153,0
584,935615,14
585,1080242,9
586,955945,10
587,880802,0
588,1089801,12
589,661732,14
590,1045832,1
591,959153,5
592,1094464,2
593,1012506,6
594,829231,5
595,1012678,5
596,955938,4
597,743188,9
598,924626,0
599,1009102,14
600,939388,3
601,1049227,6
602,1029615,8
603,898674,7
604,1007629,8
605,958843,1
606,1136851,0
607,1060042,8
608,1138832,11
609,1021071,0
610,1029783,0
611,1107072,0
612,924626,8
613,1139294,1
614,735828,3
615,1138651,8
616,1012498,9
617,879118,7
618,829232,9
619,729504,5
620,994379,14
621,1039176,10
622,999642,11
623,1096225,6
624,892933,4
625,1013038,8
626,1060244,11
627,721569,12
628,875451,0
629,924239,6
630,872369,8
631,1083908,9
632,706924,4
633,892933,6
634,1089801,8
635,957291,10
636,959153,0
637,1139604,5
638,1015039,5
639,1139951,6
640,737551,5
641,803375,6
642,1013742,8
643,1139951,2
644,1139789,11
645,1138978,4
646,1138668,1
647,1013010,7
648,1099293,13
649,1139951,7
650,1099293,14
651,729504,8
652,813954,0
653,1138662,4
654,958843,6
655,1074392,0
656,1085542,1
657,958844,4
658,686057,5
659,766386,4
660,735828,13
661,1104243,8
662,1133843,3
663,813954,14
664,955954,13
665,1083920,12
666,923855,3
667,973034,10
668,648368,2
669,924638,1
670,1045441,4
671,955945,1
672,955944,3
673,955942,12
674,1133843,11
675,1068477,11
676,806343,4
677,1013832,10
678,1089801,14
679,722853,8
680,677543,9
681,1083908,0
682,879667,9
683,766386,2
684,1021075,4
685,900144,8
686,1045446,4
687,1083908,4
688,732715,0
689,955954,1
690,686057,7
691,963141,13
692,924638,6
693,984442,12
694,999808,3
695,686057,5
696,955954,8
697,749982,2
698,1138662,8
699,1009102,0
700,915555,9
701,786154,1
702,1012500,14
703,1023050,8
704,1087463,11
705,1133668,10
706,1083198,11
707,955942,7
708,1139534,7
709,1048430,4
710,1024572,4
711,686057,0
712,698317,9
713,688631,9
714,736268,3
715,1015040,10
716,1043795,14
717,1086866,5
718,1085542,4
719,1090318,7
720,786153,5
721,924634,13
722,797245,7
723,955943,5
724,1080242,6
725,1083198,9
726,980450,11
727,1100538,9
728,1039176,5
729,1024572,11
730,782482,11
731,1139790,14
732,1012404,1
733,776026,1
734,914376,9
735,924638,3
736,720922,10
737,661732,3
738,955944,6
739,1139294,14
740,957291,0
741,1046357,10
742,737551,10
743,697755,3
744,806343,3
745,825254,0
746,786153,13
747,1089129,6
748,749982,4
749,1099408,1
750,1015039,3
751,875451,8
752,789575,13
753,1133668,9
754,1139309,3
755,1074392,2
756,900144,6
757,722853,7
758,955945,0
759,1014090,10
760,900144,9
761,935615,12
762,1013038,0
763,1015043,5
764,898844,5
765,999808,2
766,923855,8
767,764681,6
768,1043795,10
769,743810,3
770,1138428,0
771,677543,10
772,1049157,3
773,1029783,3
774,1138428,3
775,1095084,2
776,892933,10
777,914376,3
778,1100538,6
779,1012134,1
780,955945,4
781,1089603,5
782,1139789,2
783,1133843,2
784,1009102,13
785,1014090,8
786,1015051,4
787,1138428,10
788,955943,3
789,1138427,6
790,994379,10
791,973034,13
792,860679,6
793,1079586,14
794,1139951,1
795,1139789,3
796,879118,2
797,670954,2
798,1013832,9
799,720339,9
800,1139350,5
801,812729,6
802,923855,13
803,1138428,13
804,812729,6
805,1012680,9
806,1045832,3
807,1069251,3
808,958842,14
809,1092304,1
810,753469,3
811,1139789,4
812,1013745,5
813,959153,0
814,1013010,14
815,1072200,2
816,1095084,10
817,1047654,7
818,899902,5
819,1138832,6
820,1104243,14
821,924626,5
822,1069251,3
823,924631,10
824,732715,12
825,731970,10
826,959153,11
827,729504,4
828,1012136,2
829,1043795,9
830,1046357,3
831,1096225,1
832,1083198,8
833,1013847,9
834,1021072,0
835,1047654,6
836,875451,14
837,1013742,7
838,1080242,2
839,1021073,5
840,1015051,14
841,1060245,14
842,1009102,8
843,958835,2
844,1039176,3
845,1094464,12
846,766386,3
847,958838,6
848,1049157,5
849,898674,9
850,1080235,2
851,1136851,12
852,923855,9
853,679452,0
854,1046357,0
855,1012680,7
856,1056054,6
857,1133668,0
858,900144,9
859,732715,4
860,879118,8
861,803375,2
862,1094464,9
863,900144,14
864,880056,4
865,720339,10
866,973034,13
867,731970,4
868,973034,2
869,1013748,8
870,984442,8
871,1087463,13
872,1051517,7
873,1045441,2
874,924239,4
875,1094464,13
876,1027846,5
877,973034,3
878,1047654,5
879,829229,4
880,1138670,8
881,1095084,8
882,958836,1
883,924797,12
884,1013748,2
885,749982,3
886,1013832,11
887,736268,6
888,1139534,2
889,935615,1
890,1013010,12
891,955923,1
892,1060042,3
893,694376,5
894,1013748,14
895,1094463,2
896,860679,14
897,1133668,8
898,679452,14
899,1092304,13
900,1012500,1
901,958844,2
902,806343,13
903,679452,14
904,1092304,13
905,786154,7
906,720921,1
907,694376,1
908,1138427,12
909,1138660,3
910,1107061,10
911,790022,10
912,1049703,10
913,1089129,3
914,839869,0
915,924638,11
916,648368,14
917,1099408,5
918,860362,13
919,1095084,10
920,1049227,2
921,1068477,14
922,1023050,5
923,957326,5
924,939388,1
925,1094463,1
926,1077841,11
927,879667,4
928,1139951,9
929,694376,0
930,924631,3
931,1046357,7
932,1035996,14
933,676549,2
934,955944,0
935,721569,0
936,1060042,11
937,1138651,2
938,999642,12
939,776032,1
940,813955,12
941,955943,2
942,924626,3
943,729504,11
944,825254,2
945,1013742,3
946,1099293,13
947,958836,8
948,1133668,2
949,958836,2
950,1012136,14
951,1139788,13
952,1012498,2
953,1015043,11
954,1029783,7
955,743188,10
956,1012404,14
957,706135,10
958,698317,5
959,1139294,8
960,1138428,5
961,924636,10
962,955942,9
963,1079586,7
964,677543,13
965,900144,10
966,720921,5
967,1138428,0
968,1021073,6
969,1015051,8
970,806343,5
971,1099408,1
972,1031083,12
973,1049157,5
974,1049703,11
975,1136851,3
976,706135,4
977,829229,8
978,1013010,12
979,975331,6
980,1077841,4
981,782482,4
982,958835,12
983,898844,1
984,1090318,13
985,872369,8
986,1096225,3
987,1077841,0
988,1013307,3
989,963141,0
990,1068477,8
991,703911,1
992,839869,8
993,1012498,10
994,729504,11
995,1021072,11
996,1138832,1
997,880054,3
998,1138978,3
999,1049703,11
1000,720922,1
1001,694376,12
1002,1079586,11
1003,1133843,12
1004,959153,3
1005,1013847,1
1006,706135,6
1007,1139790,2
1008,1029615,13
1009,984442,14
1010,1138662,5
1011,1139534,12
1012,729504,1
1013,1045446,1
1014,743810,13
1015,914376,3
1016,880802,0
1017,1036594,11
1018,924797,11
1019,706924,0
1020,955944,3
1021,1099293,1
1022,1083920,0
1023,1089603,6
1024,1139951,3
1025,1079586,6
1026,782482,8
1027,973034,1
1028,776026,0
1029,1090318,14
1030,776026,9
1031,1012678,8
1032,924626,4
1033,955938,5
1034,679452,1
1035,1060244,7
1036,880802,14
1037,926363,12
1038,1107072,11
1039,1015040,10
1040,661732,12
1041,670954,5
1042,1138427,11
1043,915555,3
1044,900144,1
1045,731970,5
1046,691600,13
1047,648368,6
1048,731970,14
1049,786153,8
1050,1046357,8
1051,731970,1
1052,1139788,5
1053,980450,9
1054,955954,9
1055,803375,1
1056,941230,5
1057,735828,1
1058,955943,8
1059,648368,11
1060,1043795,7
1061,1060042,11
1062,1099408,13
1063,959153,1
1064,803375,9
1065,958832,11
1066,958844,7
1067,1095084,6
1068,923855,8
1069,1027846,5
1070,743188,11
1071,1136851,14
1072,914376,11
1073,1060042,13
1074,1082015,7
1075,1035996,11
1076,923855,9
1077,980450,11
1078,879667,7
1079,813954,2
1080,958843,2
1081,1139309,0
1082,1139294,4
1083,829229,10
1084,786154,2
1085,1009102,5
1086,1139789,7
1087,1021073,13
1088,1012500,4
1089,661732,5
1090,899902,2
1091,1107061,10
1092,1013307,7
1093,1083920,8
1094,676545,4
1095,1012678,4
1096,914376,1
1097,1049227,1
1098,1086866,14
1099,1012679,8
1100,829231,9
1101,1012500,14
1102,955942,3
1103,1031083,10
1104,697755,13
1105,1018064,2
1106,984442,6
1107,1138651,2
1108,1018064,6
1109,1027846,1
1110,1060244,8
1111,1138978,4
1112,1139294,2
1113,880802,11
1114,1139789,5
1115,959153,1
1116,1012680,11
1117,1133843,7
1118,686057,1
1119,743188,5
1120,860362,12
1121,1013748,11
1122,786153,7
1123,1138651,3
1124,880056,6
1125,1029783,10
1126,1012500,9
1127,1083920,3
1128,1027844,12
1129,926363,7
1130,1045441,14
1131,860362,3
1132,1012498,12
1133,736268,2
1134,1048430,6
1135,1013307,6
1136,1047654,11
1137,1047654,8
1138,1138832,10
1139,924631,2
1140,875451,3
1141,1013307,12
1142,1013847,12
1143,1024572,5
1144,697755,1
1145,1136851,13
1146,958842,11
1147,749982,14
1148,1012678,2
1149,984442,1
1150,1013832,5
1151,1027844,11
1152,1139789,14
1153,860362,4
1154,1051517,12
1155,898674,11
1156,1047654,10
1157,688631,4
1158,829229,9
1159,879667,3
1160,1015043,9
1161,1107061,11
1162,737551,12
1163,999808,5
1164,1049703,3
1165,691600,9
1166,1099408,3
1167,1012404,9
1168,1012680,14
1169,789575,0
1170,1013832,10
1171,1035996,10
1172,1043795,4
1173,1090713,1
1174,722853,4
1175,766386,8
1176,1139788,0
1177,935615,7
1178,1010651,0
1179,959619,4
1180,1029783,6
1181,958832,5
1182,958843,6
1183,1012679,8
1184,980450,2
1185,1068477,14
1186,1021075,5
1187,1013307,13
1188,1015043,12
1189,776032,9
1190,1046357,2
1191,676545,0
1192,1013832,1
1193,697755,10
1194,1045832,7
1195,1013010,3
1196,1007629,8
1197,782482,8
1198,1012404,9
1199,1020218,1
1200,1015039,10
1201,1083198,11
1202,786155,6
1203,999808,4
1204,1083920,5
1205,955942,10
1206,790022,11
1207,1139788,12
1208,720339,3
1209,1139332,7
1210,1094463,6
1211,1021073,12
1212,898674,14
1213,1136851,1
1214,1083198,8
1215,900144,8
1216,1099293,5
1217,958835,10
1218,1013010,7
1219,1027846,9
1220,661732,11
1221,955943,1
1222,1139309,1
1223,955954,0
1224,1013847,3
1225,924239,7
1226,1133843,6
1227,786153,9
1228,1085542,8
1229,1133843,14
1230,1138662,10
1231,1099408,7
1232,899902,4
1233,743188,13
1234,860362,5
1235,676545,14
1236,1060245,7
1237,1012506,8
1238,1139604,10
1239,679452,10
1240,1139789,0
1241,688631,7
1242,880802,1
1243,880053,3
1244,1048430,7
1245,892933,8
1246,1018064,9
1247,839869,14
1248,955923,0
1249,1094463,9
1250,749982,6
1251,963141,13
1252,720339,7
1253,1014379,7
1254,1036594,6
1255,1089801,3
1256,1024572,9
1257,1090318,5
1258,721569,3
1259,1051517,14
1260,924626,7
1261,994379,7
1262,955943,9
1263,1095084,13
1264,1089603,7
1265,1014090,3
1266,1024572,6
1267,679452,7
1268,1029615,12
1269,1015039,7
1270,911663,1
1271,786155,6
1272,706924,6
1273,1012678,3
1274,958842,6
1275,731970,4
1276,789575,11
1277,786155,8
1278,1021072,12
1279,1139604,9
1280,963141,11
1281,764681,6
1282,924638,14
1283,679452,13
1284,1036594,10
1285,691600,1
1286,959619,1
1287,829231,4
1288,1072200,7
1289,923855,4
1290,1060244,6
1291,958844,12
1292,722853,2
1293,729504,7
1294,720339,10
1295,1009102,3
1296,1048430,8
1297,1060245,12
1298,1095084,7
1299,1138428,10
1300,926363,8
1301,958838,4
1302,1012506,13
1303,735828,7
1304,1015043,4
1305,1136851,8
1306,698317,2
1307,698317,8
1308,1039176,13
1309,1099293,1
1310,829231,1
1311,1083908,4
1312,735856,9
1313,1080235,12
1314,879118,9
1315,743188,3
1316,706924,12
1317,1139788,5
1318,825254,8
1319,1138668,3
1320,1079586,13
1321,1085542,3
1322,928007,12
1323,1012500,2
1324,1083198,10
1325,1010651,13
1326,1021072,2
1327,958844,8
1328,994379,3
1329,1045446,14
1330,879667,1
1331,924797,4
1332,1138668,1
1333,1010651,4
1334,928007,11
1335,1015043,7
1336,735828,2
1337,880802,4
1338,691600,5
1339,1049157,12
1340,914376,10
1341,679452,0
1342,880802,10
1343,1069251,0
1344,829229,8
1345,984442,2
1346,1074392,12
1347,1079586,8
1348,1139332,5
1349,698317,10
1350,1107072,13
1351,1015040,11
1352,872369,4
1353,1139790,11
1354,900144,13
1355,1060042,12
1356,1013010,11
1357,1072200,6
1358,1012404,10
1359,880054,11
1360,1029783,8
1361,924631,2
1362,648368,11
1363,1021073,2
1364,860679,4
1365,1099408,10
1366,1043795,3
1367,766386,7
1368,1077841,2
1369,749982,0
1370,813955,6
1371,661732,8
1372,924636,14
1373,1069251,5
1374,731970,3
1375,1133843,8
1376,924631,6
1377,797245,3
1378,686057,13
1379,829231,8
1380,923855,1
1381,898674,13
1382,958835,4
1383,1080242,0
1384,924631,8
1385,1031083,1
1386,737551,12
1387,1139294,5
1388,973034,14
1389,686057,9
1390,1060245,0
1391,786153,0
1392,1039176,5
1393,955944,7
1394,914376,10
1395,958832,9
1396,790022,6
1397,1099293,9
1398,1012136,11
1399,958966,2
1400,880056,2
1401,860362,10
1402,691600,4
1403,923855,14
1404,786154,3
1405,1045832,9
1406,749982,14
1407,1139294,8
1408,941230,1
1409,1021073,11
1410,1094463,0
1411,1007629,10
1412,1013307,4
1413,766386,6
1414,1021072,7
1415,1048430,1
1416,958843,2
1417,1014379,1
1418,720339,2
1419,892933,3
1420,955954,11
1421,677543,12
1422,1138670,1
1423,1139348,3
1424,776032,3
1425,1027846,7
1426,1043795,1
1427,980450,2
1428,786155,2
1429,1012498,5
1430,994379,13
1431,1138672,6
1432,1039176,13
1433,1138651,0
1434,1018064,8
1435,694376,7
1436,786155,12
1437,1012500,11
1438,1138730,7
1439,957291,12
1440,924638,4
1441,1021075,10
1442,1012500,0
1443,736268,5
1444,1060245,5
1445,1012679,10
1446,1012679,4
1447,1099408,12
1448,706924,7
1449,1013832,4
1450,1090713,6
1451,706924,6
1452,1013832,4
1453,829229,2
1454,1031083,4
1455,1139788,4
1456,924638,4
1457,958842,3
1458,1077841,3
1459,1139309,6
1460,1092304,4
1461,899902,9
1462,928007,8
1463,1094464,14
1464,1007629,3
1465,732715,12
1466,1139604,1
1467,860679,0
1468,872369,4
1469,1007629,11
1470,1039176,1
1471,786153,12
1472,924634,3
1473,1014090,9
1474,959153,7
1475,677543,11
1476,1012679,0
1477,1021073,7
1478,957291,4
1479,1094463,1
1480,994379,11
1481,1074392,10
1482,872369,9
1483,1012136,7
1484,839869,10
1485,1133668,11
1486,1100538,7
1487,958835,7
1488,924638,10
1489,670954,3
1490,935615,9
1491,743810,14
1492,706135,1
1493,790022,5
1494,1086866,0
1495,1086866,7
1496,880802,9
1497,1072200,4
1498,1072200,0
1499,1138670,5
1500,782482,3
1501,860679,9
1502,1045446,0
1503,1036594,1
1504,1060244,1
1505,1029783,2
1506,875451,9
1507,955954,4
1508,899902,6
1509,1027846,12
1510,1085542,13
1511,1031083,0
1512,900144,5
1513,860679,5
1514,1060244,9
1515,797245,9
1516,911663,7
1517,829231,3
1518,694376,8
1519,1104243,9
1520,1079586,7
1521,1007629,2
1522,812729,0
1523,958836,10
1524,786153,10
1525,735856,1
1526,1092304,3
1527,732715,6
1528,720921,7
1529,1139534,3
1530,955945,2
1531,1027846,4
1532,648368,10
1533,1107061,4
1534,1018064,11
1535,825254,1
1536,776032,5
1537,1039176,6
1538,1077841,2
1539,1087463,7
1540,1139534,0
1541,1138730,12
1542,1094463,8
1543,1013847,0
1544,1010651,0
1545,1012500,3
1546,829232,12
1547,829231,0
1548,1094464,10
1549,661732,1
1550,935615,4
1551,697755,8
1552,1099408,4
1553,1049703,2
1554,1047654,0
1555,731970,10
1556,1021072,9
1557,679452,5
1558,766386,4
1559,1138651,10
1560,1138730,5
1561,1027844,12
1562,1074392,1
1563,924626,1
1564,911663,6
1565,1095092,3
1566,1090713,0
1567,1138832,8
1568,1013038,2
1569,702570,1
1570,1094464,11
1571,923855,0
1572,731970,7
1573,935615,0
1574,1083198,5
1575,1012134,12
1576,994379,1
1577,676545,11
1578,872369,14
1579,743810,2
1580,1139790,5
1581,975331,12
1582,776032,14
1583,999642,7
1584,980450,13
1585,1138428,14
1586,1138978,5
1587,1087463,3
1588,786155,4
1589,1047654,5
1590,984442,3
1591,676549,7
1592,1013038,1
1593,694376,7
1594,959619,3
1595,764681,11
1596,1099293,6
1597,1045441,3
1598,1012499,13
1599,736268,0
1600,1009102,12
1601,1013832,6
1602,706924,8
1603,1094464,14
1604,698317,2
1605,1094464,6
1606,924626,2
1607,924797,2
1608,1138660,8
1609,1083920,6
1610,958837,10
1611,1027846,3
1612,661732,13
1613,1010651,12
1614,1094463,10
1615,1051517,10
1616,924239,0
1617,1092304,1
1618,958838,3
1619,924631,1
1620,1012680,12
1621,691600,9
1622,1012678,1
1623,1138651,7
1624,764681,1
1625,706924,9
1626,1090713,0
1627,880053,1
1628,1139951,4
1629,1049157,2
1630,1083908,8
1631,1082015,13
1632,899902,14
1633,813954,1
1634,737551,3
1635,691600,0
1636,958837,0
1637,899902,10
1638,839869,11
1639,1013742,11
1640,703911,5
1641,1048430,2
1642,1021072,5
1643,958835,2
1644,694376,4
1645,1021072,3
1646,786153,12
1647,1012498,13
1648,706924,8
1649,1015051,9
1650,1138672,8
1651,958835,6
1652,1043795,13
1653,1139332,4
1654,764681,2
1655,1060245,14
1656,880056,14
1657,691600,4
1658,1012404,10
1659,1104243,12
1660,924636,4
1661,743810,10
1662,900144,3
1663,729504,3
1664,959153,11
1665,688631,4
1666,1021071,5
1667,1095092,2
1668,1012499,4
1669,935615,0
1670,872369,0
1671,1014379,6
1672,1013832,11
1673,1013307,11
1674,879667,8
1675,1013832,0
1676,1014090,2
1677,839869,2
1678,1043795,12
1679,722853,1
1680,1095092,0
1681,926363,5
1682,973034,11
1683,957291,3
1684,776026,2
1685,721569,5
1686,958844,5
1687,957326,10
1688,829229,5
1689,1012404,13
1690,806343,11
1691,879118,5
1692,973034,12
1693,1060042,7
1694,1139604,0
1695,924626,10
1696,1139309,4
1697,958832,0
1698,743188,8
1699,1020218,4
1700,1029783,4
1701,679452,6
1702,1139789,9
1703,1029783,5
1704,955938,2
1705,661732,4
1706,941230,10
1707,1139294,13
1708,1049157,6
1709,1036594,12
1710,790022,0
1711,1104243,11
1712,677543,2
1713,958832,9
1714,670954,4
1715,1090713,9
1716,1012680,12
1717,980450,12
1718,1018064,1
1719,720339,12
1720,915555,8
1721,1089129,6
1722,1139534,13
1723,1082015,6
1724,1021075,13
1725,899902,5
1726,928007,1
1727,1133843,10
1728,975331,7
1729,955938,5
1730,1045441,4
1731,694376,3
1732,1138730,12
1733,1079586,12
1734,1139788,8
1735,786155,13
1736,1080242,2
1737,1021072,14
1738,1139348,4
1739,1015051,13
1740,1138832,5
1741,1060245,9
1742,702570,3
1743,813955,14
1744,1138651,10
1745,1139790,4
1746,789575,3
1747,958836,6
1748,1060245,13
1749,1099408,11
1750,1136851,10
1751,729504,12
1752,1099293,2
1753,764681,1
1754,813954,10
1755,958832,10
1756,1094463,12
1757,892933,6
1758,955954,2
1759,1023050,13
1760,880054,7
1761,1010651,8
1762,1012939,6
1763,1027846,6
1764,1009102,8
1765,959619,3
1766,1021075,1
1767,691600,1
1768,676549,7
1769,688631,3
1770,1047654,8
1771,829231,5
1772,1012679,9
1773,1138670,11
1774,999642,10
1775,686057,14
1776,924626,2
1777,941230,6
1778,1012939,6
1779,743810,0
1780,875451,13
1781,825254,14
1782,1139294,6
1783,973034,9
1784,648368,1
1785,1012500,7
1786,786155,2
1787,898844,1
1788,1021072,11
1789,1138668,7
1790,1020218,11
1791,776032,5
1792,955943,11
1793,812729,0
1794,1072200,12
1795,975331,0
1796,879667,7
1797,880802,14
1798,957291,8
1799,1133668,0
1800,958842,13
1801,1039176,0
1802,1029615,12
1803,999642,1
1804,797245,5
1805,694376,0
1806,1089129,3
1807,898674,11
1808,914376,4
1809,975331,7
1810,1083908,7
1811,1095084,14
1812,1012680,2
1813,1007629,6
1814,1013745,2
1815,1012939,4
1816,1138670,13
1817,955944,1
1818,973034,0
1819,803375,6
1820,803375,4
1821,957291,6
1822,1012678,3
1823,963141,9
1824,1080235,1
1825,880056,7
1826,1012498,12
1827,1139604,11
1828,1139951,4
1829,915555,3
1830,1095092,1
1831,958843,10
1832,1133668,10
1833,1089603,2
1834,1139788,7
1835,1007629,10
1836,691600,12
1837,1039176,11
1838,1027846,8
1839,924239,11
1840,880053,3
1841,1138651,6
1842,1012506,9
1843,1021072,7
1844,1107072,9
1845,880054,5
1846,1060244,14
1847,1015051,12
1848,1138832,11
1849,1138978,7
1850,1060245,3
1851,1009102,6
1852,825254,12
1853,1046357,8
1854,1012679,9
1855,963141,10
1856,721569,12
1857,1024572,6
1858,1099408,13
1859,1035996,0
1860,1012506,6
1861,928007,3
1862,1138672,9
1863,935615,9
1864,955945,1
1865,1092304,6
1866,1138651,12
1867,731970,0
1868,1015051,11
1869,806343,5
1870,1012404,0
1871,737551,2
1872,1079586,14
1873,806343,7
1874,928007,2
1875,1138730,2
1876,924626,5
1877,1027844,8
1878,839869,9
1879,1027846,9
1880,829229,5
1881,1107061,11
1882,955944,10
1883,1099408,2
1884,1094464,4
1885,694376,9
1886,958837,10
1887,813954,3
1888,720921,5
1889,829229,3
1890,670954,5
1891,729504,13
1892,1012500,3
1893,955954,10
1894,1138660,6
1895,825254,6
1896,1100538,4
1897,959153,6
1898,1060244,2
1899,1013742,5
1900,1139350,3
1901,1060244,6
1902,899902,13
1903,789575,8
1904,1012498,3
1905,1029615,8
1906,994379,4
1907,776032,0
1908,737551,2
1909,999808,3
1910,958836,1
1911,743188,2
1912,1013748,8
1913,1138427,8
1914,661732,2
1915,1138670,3
1916,721569,6
1917,698317,14
1918,789575,2
1919,860679,14
1920,1089129,2
1921,1051517,14
1922,935615,10
1923,926363,14
1924,923855,11
1925,825254,10
1926,1014090,4
1927,955945,14
1928,955945,10
1929,955942,5
1930,722853,9
1931,825254,10
1932,1095084,2
1933,1036594,4
1934,1012134,8
1935,721569,2
1936,928007,8
1937,1014090,7
1938,1014090,5
1939,1007629,9
1940,1047654,7
1941,698317,12
1942,959619,2
1943,1012500,11
1944,1138672,5
1945,1138730,9
1946,914376,6
1947,1089603,6
1948,1100538,12
1949,706924,1
1950,973034,12
1951,958832,5
1952,806343,1
1953,880054,9
1954,958842,13
1955,679452,12
1956,1104243,4
1957,1068477,2
1958,1012404,6
1959,1012679,2
1960,1092304,0
1961,958844,1
1962,1056054,4
1963,1138427,12
1964,813955,2
1965,1139332,1
1966,829232,13
1967,892933,3
1968,790022,4
1969,1138670,14
1970,1139350,2
1971,661732,12
1972,735828,8
1973,1049157,4
1974,1133668,13
1975,926363,0
1976,914376,14
1977,703911,4
1978,782482,6
1979,1068477,10
1980,1099293,4
1981,958844,14
1982,879667,3
1983,1094464,12
1984,1023050,5
1985,743810,6
1986,1083908,13
1987,1083908,1
1988,924634,7
1989,924626,13
1990,1139534,5
1991,688631,11
1992,928007,4
1993,958832,3
1994,875451,5
1995,1012680,13
1996,955923,0
1997,1015043,12
1998,1012498,10
1999,924638,0
2000,1013307,6
2001,1107072,5
2002,1012136,12
2003,1069251,6
2004,1083920,11
2005,1049157,3
2006,735828,14
2007,812729,2
2008,1139348,2
2009,813955,10
2010,1018064,11
2011,749982,7
2012,1029783,9
2013,797245,4
2014,1013847,10
2015,1060245,12
2016,1138428,3
2017,721569,13
2018,829229,0
2019,829232,1
2020,900144,4
2021,1010651,1
2022,1012500,5
2023,898674,10
2024,958844,6
2025,782482,1
2026,958835,14
2027,955944,12
2028,1013832,12
2029,1015051,0
2030,1015039,11
2031,1139332,3
2032,679452,11
2033,924634,10
2034,1095084,1
2035,1012679,7
2036,928007,9
2037,1080235,2
2038,776032,12
2039,1045446,5
2040,1100538,3
2041,1021075,6
2042,1139294,10
2043,1027844,7
2044,1010651,5
2045,963141,8
2046,736268,3
2047,1056054,1
2048,1021072,4
2049,958842,8
2050,955943,4
2051,958844,0
2052,880054,10
2053,1013742,7
2054,1139790,1
2055,879667,9
2056,1009102,7
2057,879667,1
2058,1012506,9
2059,1090713,2
2060,786154,5
2061,1021072,8
2062,892933,2
2063,1036594,3
2064,1014379,2
2065,790022,5
2066,1014090,10
2067,1138660,3
2068,1089603,0
2069,958843,12
2070,1079586,5
2071,722853,7
2072,813954,12
2073,924634,12
2074,829231,2
2075,1012404,7
2076,790022,14
2077,803375,7
2078,955945,13
2079,782482,2
2080,829232,14
2081,720339,11
2082,879118,5
2083,880802,13
2084,1086866,8
2085,1095084,7
2086,1133843,2
2087,860679,11
2088,720339,5
2089,1015040,3
2090,1049227,6
2091,959619,5
2092,782482,10
2093,958836,4
2094,1045441,5
2095,732715,1
2096,1094463,8
2097,1029615,10
2098,1068477,9
2099,959153,13
2100,1049227,8
2101,1136851,5
2102,1083908,8
2103,973034,7
2104,706135,6
2105,686057,6
2106,1045832,7
2107,958843,3
2108,1018064,13
2109,955954,4
2110,790022,6
2111,1049157,2
2112,786153,9
2113,924239,3
2114,1090318,3
2115,735828,1
2116,729504,14
2117,935615,2
2118,721569,0
2119,1083198,14
2120,955943,9
2121,782482,13
2122,1013010,9
2123,955942,7
2124,958844,12
2125,928007,9
2126,1049157,8
2127,735856,9
2128,1013748,9
2129,1049157,4
2130,1100538,11
2131,688631,8
2132,1024572,7
2133,1139789,0
2134,959619,11
2135,924638,8
2136,1136851,12
2137,691600,11
2138,1047654,12
2139,1046357,11
2140,1090713,3
2141,1138660,13
2142,959153,10
2143,958837,11
2144,924239,5
2145,698317,13
2146,786153,13
2147,735856,7
2148,1029783,0
2149,975331,13
2150,1029615,9
2151,1013847,7
2152,789575,7
2153,1045441,9
2154,1094464,2
2155,1027844,11
2156,875451,10
2157,1139604,9
2158,1133668,5
2159,860679,7
2160,1133668,7
2161,1013038,10
2162,1051517,4
2163,958832,1
2164,1139790,12
2165,915555,5
2166,1089603,3
2167,900144,2
2168,1012680,6
2169,1027846,11
2170,1138660,14
2171,1015040,2
2172,880054,0
2173,898674,0
2174,1138428,4
2175,1138660,5
2176,941230,1
2177,1138662,1
2178,813955,7
2179,1139788,10
2180,753469,2
2181,1060244,12
2182,813954,4
2183,1012136,12
2184,1085542,2
2185,892933,7
2186,813954,7
2187,1012679,6
2188,1089801,11
2189,1012500,2
2190,955954,0
2191,1012679,14
2192,1021075,7
2193,875451,6
2194,880053,1
2195,1049157,1
2196,720339,7
2197,959153,14
2198,1104243,3
2199,706135,11
2200,764681,3
2201,1060042,2
2202,1015040,1
2203,958843,1
2204,720921,3
2205,924636,1
2206,1012136,3
2207,1074392,3
2208,1020218,6
2209,706924,2
2210,764681,11
2211,1047654,12
2212,1013010,13
2213,880056,5
2214,1138978,1
2215,1020218,12
2216,1013742,6
2217,924797,7
2218,1095092,1
2219,736268,5
2220,915555,11
2221,926363,6
2222,1095084,0
2223,1139534,11
2224,1018064,1
2225,786155,8
2226,1139790,7
2227,735828,9
2228,924797,10
2229,1049703,7
2230,743810,7
2231,1012680,9
2232,803375,5
2233,1107061,2
2234,829229,11
2235,1023050,0
2236,829232,5
2237,975331,2
2238,1090713,4
2239,729504,9
2240,1012499,6
2241,959153,2
2242,1014090,5
2243,1133843,1
2244,1083198,2
2245,1072200,1
2246,825254,3
2247,1021073,11
2248,958835,13
2249,1104243,14
2250,1007629,3
2251,924636,11
2252,1012680,3
2253,732715,2
2254,706135,12
2255,958844,2
2256,1092304,3
2257,914376,1
2258,1012499,5
2259,1049703,4
2260,1020218,13
2261,1138672,7
2262,915555,14
2263,1046357,13
2264,789575,7
2265,958844,8
2266,1007629,12
2267,924797,5
2268,749982,12
2269,1139294,12
2270,1094463,3
2271,1021073,3
2272,729504,7
2273,720921,4
2274,973034,8
2275,1138832,6
2276,1012678,4
2277,1107072,7
2278,926363,11
2279,958844,3
2280,1021072,6
2281,999808,1
2282,880056,1
2283,813954,11
2284,955938,4
2285,720339,1
2286,1045832,4
2287,677543,8
2288,1107072,12
2289,1020218,0
2290,1013832,14
2291,1095092,6
2292,1020218,7
2293,1136851,6
2294,1139350,0
2295,731970,9
2296,731970,13
2297,1094463,4
2298,776026,4
2299,829232,5
2300,1012136,4
2301,880056,1
2302,1138978,6
2303,789575,2
2304,923855,7
2305,782482,7
2306,1092304,8
2307,743188,14
2308,957326,7
2309,1083908,1
2310,1012506,13
2311,1089801,7
2312,1138660,4
2313,720922,6
2314,1138428,9
2315,957291,13
2316,686057,13
2317,1107072,10
2318,1047654,11
2319,999642,9
2320,1013010,2
2321,1012680,0
2322,1012506,12
2323,899902,11
2324,812729,4
2325,732715,10
2326,1089129,5
2327,786155,9
2328,1015051,9
2329,898674,9
2330,764681,10
2331,1139604,6
2332,1013742,9
2333,1060245,11
2334,1138832,12
2335,1080235,4
2336,1138672,14
2337,1138730,10
2338,1072200,14
2339,1021073,12
2340,1139788,4
2341,1012679,7
2342,648368,8
2343,1049157,7
2344,1104243,7
2345,670954,0
2346,1007629,14
2347,1015039,5
2348,1013748,11
2349,829231,2
2350,729504,12
2351,1138662,9
2352,776026,2
2353,720921,11
2354,898844,10
2355,1049157,10
2356,911663,11
2357,875451,4
2358,958835,1
2359,1013748,10
2360,955943,13
2361,839869,0
2362,1047654,3
2363,955945,11
2364,732715,3
2365,958843,8
2366,786153,1
2367,1138670,2
2368,1107061,5
2369,879118,6
2370,1139790,9
2371,955942,6
2372,898674,2
2373,955942,3
2374,880802,12
2375,1013745,4
2376,914376,5
2377,958842,9
2378,1074392,9
2379,1089801,4
2380,1090318,3
2381,1139348,0
2382,860679,11
2383,1015040,4
2384,958835,9
2385,786153,3
2386,1021071,1
2387,1083198,12
2388,676545,9
2389,737551,1
2390,924636,9
2391,691600,0
2392,1139789,8
2393,911663,2
2394,813955,3
2395,1080235,1
2396,999642,4
2397,735856,6
2398,924239,1
2399,872369,12
2400,764681,12
2401,688631,12
2402,722853,0
2403,1138660,12
2404,1012506,11
2405,879118,7
2406,776032,4
2407,1029615,3
2408,963141,5
2409,1068477,5
2410,958836,3
2411,1012134,5
2412,1138428,8
2413,1139309,6
2414,1100538,12
2415,1021072,12
2416,975331,1
2417,1087463,6
2418,1092304,14
2419,914376,6
2420,1068477,4
2421,1077841,10
2422,1139788,11
2423,915555,11
2424,924797,14
2425,686057,0
2426,1094464,7
2427,924636,7
2428,958835,8
2429,1023050,3
2430,732715,7
2431,1036594,12
2432,984442,7
2433,1138651,0
2434,803375,1
2435,1021071,3
2436,1029615,1
2437,892933,13
2438,697755,2
2439,924626,11
2440,899902,7
2441,959619,4
2442,1060042,10
2443,1133668,6
2444,1089801,4
2445,1090318,1
2446,1138832,5
2447,959153,12
2448,1021075,10
2449,958832,4
2450,1085542,4
2451,1077841,7
2452,1095092,14
2453,860362,6
2454,735828,8
2455,898844,11
2456,1012678,5
2457,955944,2
2458,1056054,3
2459,1085542,14
2460,813954,12
2461,1138730,13
2462,721569,5
2463,1015039,8
2464,875451,8
2465,720922,5
2466,702570,7
2467,677543,2
2468,706135,5
2469,1090713,7
2470,735828,3
2471,898844,2
2472,1031083,3
2473,839869,1
2474,722853,3
2475,958836,7
2476,1024572,8
2477,732715,1
2478,1045832,6
2479,743188,1
2480,1045832,13
2481,1138730,7
2482,875451,7
2483,776032,13
2484,1138427,10
2485,697755,13
2486,1099408,5
2487,939388,2
2488,1020218,14
2489,1027844,2
2490,1080235,9
2491,1083198,6
2492,923855,11
2493,1133843,4
2494,1049703,5
2495,686057,3
2496,1049227,7
2497,782482,2
2498,958832,10
2499,1012678,0
2500,1138978,8
2501,1138651,8
2502,790022,7
2503,1020218,5
2504,786155,0
2505,1139789,3
2506,1082015,14
2507,1012498,4
2508,1021073,4
2509,1051517,7
2510,1012506,11
2511,1015043,10
2512,1060042,9
2513,1023050,7
2514,1139604,13
2515,1012500,12
2516,813954,7
2517,957291,2
2518,1138427,3
2519,813954,3
2520,1047654,13
2521,958836,8
2522,1138730,8
2523,1095084,0
2524,1012498,13
2525,670954,6
2526,924797,4
2527,1083920,6
2528,935615,5
2529,955954,3
2530,829231,7
2531,1013832,3
2532,958842,11
2533,880056,10
2534,676549,5
2535,1072200,13
2536,914376,13
2537,975331,8
2538,924634,4
2539,928007,3
2540,984442,12
2541,1082015,11
2542,786154,0
2543,797245,12
2544,688631,0
2545,1100538,9
2546,1012500,13
2547,1080242,7
2548,958837,9
2549,1046357,5
2550,1010651,13
2551,1027844,13
2552,677543,9
2553,958836,5
2554,776026,12
2555,924638,5
2556,786154,4
2557,721569,3
2558,786155,11
2559,1049703,14
2560,1092304,7
2561,743810,11
2562,1049157,13
2563,1072200,13
2564,1094463,0
2565,955942,1
2566,1060244,8
2567,790022,2
2568,1090318,2
2569,1049157,11
2570,1094464,8
2571,736268,10
2572,1012500,0
2573,1085542,1
2574,1060245,1
2575,899902,7
2576,958837,7
2577,829229,6
2578,1095092,8
2579,879667,13
2580,1139604,7
2581,786154,8
2582,899902,8
2583,1086866,10
2584,1080235,8
2585,898674,8
2586,958837,1
2587,729504,6
2588,1021075,3
2589,1095084,8
2590,1096225,1
2591,879118,10
2592,1136851,7
2593,789575,14
2594,1043795,10
2595,676545,4
2596,1010651,1
2597,860362,5
2598,720921,9
2599,955942,8
2600,706135,8
2601,872369,7
2602,1015051,7
2603,1010651,3
2604,1012134,4
2605,736268,10
2606,1046357,10
2607,776032,11
2608,980450,3
2609,1072200,8
2610,1079586,2
2611,1027844,9
2612,839869,14
2613,1012499,13
2614,661732,11
2615,1031083,11
2616,1051517,8
2617,1083908,13
2618,941230,4
2619,1013307,14
2620,915555,14
2621,955954,1
2622,1013742,0
2623,999808,0
2624,1100538,3
2625,1012134,7
2626,720921,0
2627,1100538,13
2628,1027844,3
2629,1080242,8
2630,1079586,0
2631,720922,3
2632,803375,8
2633,1021072,0
2634,1036594,14
2635,790022,0
2636,924636,3
2637,958836,10
2638,1104243,1
2639,1092304,7
2640,1136851,4
2641,957326,12
2642,880802,8
2643,959619,11
2644,1083198,9
2645,1139332,11
2646,1139534,12
2647,1049227,1
2648,915555,12
2649,958835,0
2650,670954,2
2651,1139604,0
2652,706924,9
2653,1139534,6
2654,1083908,3
2655,1089129,8
2656,825254,6
2657,1072200,12
2658,1024572,10
2659,1139951,1
2660,1089129,7
2661,735856,7
2662,955945,12
2663,957291,7
2664,1014379,4
2665,1012506,7
2666,1012680,4
2667,1012680,4
2668,939388,8
2669,1139788,6
2670,935615,8
2671,764681,10
2672,731970,12
2673,1039176,2
2674,1013307,10
2675,1095092,13
2676,860679,3
2677,1047654,1
2678,1013742,3
2679,1014090,14
2680,806343,0
2681,924797,2
2682,782482,9
2683,698317,14
2684,732715,8
2685,926363,5
2686,1079586,4
2687,753469,0
2688,1012498,3
2689,984442,3
2690,1095084,12
2691,1012136,2
2692,999808,1
2693,1045832,8
2694,1060244,3
2695,1013307,8
2696,914376,9
2697,1015043,4
2698,790022,10
2699,1072200,3
2700,957291,9
2701,1045832,11
2702,1012136,9
2703,1092304,11
2704,1089129,7
2705,766386,0
2706,1099293,14
2707,1090713,12
2708,994379,1
2709,1047654,3
2710,1021071,8
2711,941230,0
2712,1031083,0
2713,1090713,10
2714,1009102,11
2715,839869,8
2716,1083198,4
2717,1139294,5
2718,1013847,4
2719,1072200,5
2720,706135,0
2721,1138428,11
2722,1013832,7
2723,984442,8
2724,955938,3
2725,880054,0
2726,1060042,4
2727,782482,6
2728,703911,2
2729,697755,0
2730,958832,7
2731,698317,11
2732,1083908,10
2733,1083920,13
2734,958832,7
2735,1015039,2
2736,1013832,13
2737,1082015,9
2738,776032,11
2739,813955,5
2740,1045832,5
2741,803375,12
2742,1012404,12
2743,1090713,12
2744,1138428,4
2745,1092304,5
2746,1094464,13
2747,1090318,4
2748,1139332,1
2749,786154,12
2750,786154,10
2751,875451,9
2752,1015039,7
2753,698317,5
2754,839869,2
2755,1139789,8
2756,737551,9
2757,994379,8
2758,1060244,4
2759,1013010,4
2760,789575,1
2761,1012136,13
2762,963141,5
2763,686057,10
2764,860679,7
2765,1085542,9
2766,892933,1
2767,880802,5
2768,749982,13
2769,720922,1
2770,1138978,3
2771,1015039,13
2772,1080235,10
2773,1092304,5
2774,955938,2
2775,737551,7
2776,1099293,3
2777,1012404,4
2778,1013742,1
2779,706924,13
2780,1090318,4
2781,1087463,0
2782,1107061,8
2783,721569,6
2784,829229,7
2785,1031083,13
2786,1090713,5
2787,1029783,4
2788,776032,9
2789,1133668,13
2790,702570,5
2791,1087463,8
2792,955943,4
2793,1012679,5
2794,1007629,2
2795,1138730,3
2796,924636,10
2797,1045832,0
2798,776032,6
2799,1090318,11
2800,1045441,10
2801,879118,4
2802,743188,3
2803,973034,5
2804,955942,11
2805,957326,11
2806,697755,2
2807,1139294,14
2808,1139332,6
2809,1139294,7
2810,1049703,12
2811,722853,10
2812,958843,12
2813,880056,14
2814,776032,7
2815,737551,6
2816,923855,3
2817,743188,10
2818,957291,11
2819,1027844,0
2820,892933,0
2821,924631,9
2822,825254,12
2823,1007629,0
2824,1104243,2
2825,1012136,3
2826,924631,1
2827,1014090,4
2828,776026,7
2829,958832,8
2830,813954,6
2831,963141,12
2832,1060245,4
2833,1049703,1
2834,1139309,0
2835,1138670,8
2836,879667,14
2837,1104243,1
2838,1036594,0
2839,697755,0
2840,1139534,1
2841,984442,13
2842,880056,3
2843,786155,14
2844,958838,3
2845,1094463,13
2846,813954,0
2847,958844,9
2848,813955,4
2849,1095092,7
2850,1139309,5
2851,1013748,9
2852,1090713,14
2853,1138427,13
2854,676549,6
2855,955945,6
2856,1104243,0
2857,1031083,5
2858,1013742,1
2859,1012506,12
2860,706135,9
2861,732715,11
2862,1082015,4
2863,737551,4
2864,829232,3
2865,686057,9
2866,880054,8
2867,749982,2
2868,797245,4
2869,1056054,5
2870,688631,2
2871,1092304,2
2872,860679,1
2873,1138730,11
2874,776026,13
2875,1100538,14
2876,900144,3
2877,813955,8
2878,1027846,7
2879,825254,11
2880,1139350,0
2881,958832,4
2882,860362,6
2883,1138978,2
2884,790022,8
2885,1138427,7
2886,1089129,5
2887,679452,13
2888,1139332,8
2889,806343,12
2890,1138832,8
2891,1138672,1
2892,1027844,5
2893,1107072,3
2894,1049157,8
2895,749982,5
2896,1139309,5
2897,697755,8
2898,1079586,11
2899,1138730,5
2900,803375,5
2901,1099408,14
2902,1021071,8
2903,880056,5
2904,1080235,6
2905,958966,3
2906,1013832,12
2907,924634,8
2908,782482,4
2909,860362,10
2910,729504,13
2911,899902,10
2912,1138832,7
2913,1051517,13
2914,786153,4
2915,1015040,3
2916,1139951,2
2917,924638,7
2918,879118,8
2919,958836,5
2920,1012506,8
2921,1074392,1
2922,973034,7
2923,880053,0
2924,698317,8
2925,1077841,12
2926,720339,4
2927,924634,8
2928,1060245,2
2929,825254,3
2930,1069251,1
2931,924638,13
2932,676545,5
2933,1082015,10
2934,1138668,0
2935,958835,12
2936,1139790,1
2937,1049227,5
2938,955944,4
2939,789575,12
2940,1107072,6
2941,720922,4
2942,955945,8
2943,1086866,10
2944,1139294,11
2945,958838,4
2946,1138662,13
2947,732715,11
2948,1138427,14
2949,958837,8
2950,1104243,9
2951,1139350,3
2952,1051517,6
2953,959619,6
2954,955945,7
2955,1139332,13
2956,743188,14
2957,721569,2
2958,706135,1
2959,737551,13
2960,924626,3
2961,1014090,0
2962,1095092,3
2963,720339,13
2964,958836,3
2965,924636,0
2966,1138651,14
2967,698317,1
2968,1021073,8
2969,1077841,10
2970,786153,2
2971,860679,2
2972,1139294,2
2973,999642,8
2974,959619,8
2975,941230,10
2976,1009102,2
2977,1060245,9
2978,1139294,6
2979,1083908,14
2980,694376,3
2981,1009102,9
2982,872369,10
2983,955945,3
2984,1015043,0
2985,766386,9
2986,1060042,6
2987,1056054,1
2988,1036594,9
2989,1133668,12
2990,955954,12
2991,1079586,4
2992,880802,11
2993,676545,7
2994,829229,13
2995,1009102,1
2996,924239,10
2997,924636,0
2998,1035996,1
2999,688631,5
3000,958835,8
3001,923855,10
3002,941230,6
3003,958835,11
3004,1027844,13
3005,911663,6
3006,786153,7
3007,1021075,11
3008,786155,9
3009,1083920,7
3010,1029783,12
3011,829229,7
3012,1085542,6
3013,924638,2
3014,737551,11
3015,776032,0
3016,926363,13
3017,1100538,1
3018,1021073,6
3019,880054,12
3020,958844,4
3021,955942,9
3022,731970,8
3023,1021072,14
3024,1090318,10
3025,694376,9
3026,829232,7
3027,1015051,1
3028,688631,2
3029,1035996,6
3030,1007629,9
3031,1139951,5
3032,737551,10
3033,1139790,3
3034,1015043,11
3035,1139789,12
3036,694376,8
3037,1083198,7
3038,1136851,9
3039,1068477,0
3040,957291,4
3041,1012500,4
3042,1013038,10
3043,1029615,13
3044,1139332,11
3045,1138730,3
3046,1136851,4
3047,806343,8
3048,648368,5
3049,829231,9
3050,1090713,13
3051,1138660,6
3052,1138662,14
3053,661732,6
3054,1099408,8
3055,1021072,10
3056,1031083,7
3057,735856,5
3058,880054,2
3059,898844,8
3060,900144,13
3061,1047654,1
3062,679452,4
3063,1104243,5
3064,731970,3
3065,806343,6
3066,813955,6
3067,958842,12
3068,1138660,1
3069,1012134,14
3070,776026,3
3071,1013010,6
3072,898674,6
3073,1138670,9
3074,1012404,4
3075,1012499,7
3076,1027844,3
3077,1107072,2
3078,879667,6
3079,789575,9
3080,686057,14
3081,959619,13
3082,924797,3
3083,829232,4
3084,720921,12
3085,1079586,10
3086,924797,8
3087,732715,4
3088,958838,7
3089,860362,11
3090,749982,3
3091,924636,2
3092,1138670,7
3093,786154,14
3094,1015051,3
3095,706135,3
3096,1013748,7
3097,813955,1
3098,1047654,9
3099,1139790,10
3100,1082015,13
3101,924631,4
3102,1077841,7
3103,955943,1
3104,1139790,6
3105,676549,4
3106,1077841,8
3107,1089801,1
3108,924634,9
3109,1013748,6
3110,958836,6
3111,1107072,0
3112,892933,11
3113,1089801,12
3114,736268,11
3115,984442,11
3116,1024572,2
3117,766386,3
3118,935615,13
3119,676549,0
3120,880802,13
3121,928007,0
3122,1013010,5
3123,1045832,1
3124,935615,14
3125,776032,10
3126,955944,10
3127,1007629,1
3128,1012404,8
3129,1080235,11
3130,706924,3
3131,1013847,2
3132,899902,3
3133,1021072,1
3134,1012134,12
3135,1045441,9
3136,1138670,10
3137,1013745,3
3138,926363,3
3139,813955,13
3140,1138427,8
3141,731970,6
3142,924797,0
3143,924797,6
3144,914376,0
3145,677543,14
3146,1013832,8
3147,898674,0
3148,782482,11
3149,1035996,8
3150,959619,14
3151,1021075,2
3152,980450,12
3153,776026,0
3154,790022,1
3155,677543,5
3156,924634,5
3157,1020218,9
3158,813955,0
3159,924239,1
3160,720339,0
3161,749982,8
3162,1099408,14
3163,1012939,0
3164,825254,0
3165,955923,4
3166,860362,1
3167,766386,10
3168,648368,5
3169,958837,4
3170,1100538,4
3171,1021073,2
3172,766386,11
3173,1013832,1
3174,899902,1
3175,1048430,3
3176,1139604,14
3177,915555,10
3178,899902,9
3179,797245,10
3180,1007629,7
3181,1060244,0
3182,648368,1
3183,1031083,14
3184,829231,6
3185,1060042,14
3186,661732,4
3187,1051517,4
3188,1139310,1
3189,1012498,0
3190,1049227,4
3191,928007,10
3192,797245,1
3193,806343,9
3194,1048430,5
3195,720921,1
3196,720921,0
3197,743810,9
3198,1023050,2
3199,955943,11
3200,924634,10
3201,749982,1
3202,697755,12
3203,924636,13
3204,924239,8
3205,1138832,1
3206,812729,3
3207,1068477,7
3208,661732,8
3209,955942,4
3210,1133668,12
3211,924631,12
3212,661732,5
3213,914376,4
3214,860679,13
3215,1015040,8
3216,880802,5
3217,958832,6
3218,1029615,4
3219,1015039,4
3220,999642,14
3221,958832,2
3222,676549,3
3223,1015043,6
3224,1138672,12
3225,924638,5
3226,698317,7
3227,1045446,14
3228,782482,13
3229,1104243,4
3230,984442,10
3231,706135,8
3232,676545,2
3233,1029615,3
3234,924638,7
3235,1049157,9
3236,1083198,4
3237,957291,2
3238,980450,9
3239,702570,6
3240,980450,13
3241,911663,12
3242,1138672,1
3243,958837,2
3244,698317,6
3245,924634,0
3246,999642,2
3247,1045832,13
3248,1080242,7
3249,1049703,4
3250,1012499,1
3251,924638,9
3252,1096225,2
3253,1086866,1
3254,736268,1
3255,1013742,10
3256,732715,9
3257,1138660,7
3258,829229,2
3259,812729,7
3260,984442,0
3261,1012939,5
3262,670954,3
3263,753469,5
3264,1060244,9
3265,1089801,10
3266,911663,13
3267,1014090,6
3268,1083908,5
3269,1012500,1
3270,786153,3
3271,694376,5
3272,786153,11
3273,999642,5
3274,694376,13
3275,1014090,3
3276,676545,14
3277,1094464,3
3278,1089801,3
3279,1080242,11
3280,1015039,12
3281,1096225,3
3282,1012134,10
3283,935615,11
3284,1104243,6
3285,677543,0
3286,872369,12
3287,1107061,9
3288,924631,14
3289,1015051,2
3290,875451,3
3291,813955,13
3292,1090318,9
3293,1139789,6
3294,898674,12
3295,924626,9
3296,924239,9
3297,1107072,14
3298,691600,7
3299,875451,6
3300,926363,9
3301,1096225,2
3302,1046357,9
3303,829232,12
3304,879667,10
3305,786154,6
3306,1031083,1
3307,1015051,7
3308,786155,14
3309,1082015,5
3310,955943,14
3311,879667,5
3312,1139310,2
3313,1138427,1
3314,1095084,9
3315,1010651,11
3316,790022,9
3317,924239,0
3318,735828,11
3319,648368,9
3320,955954,12
3321,1045832,10
3322,1086866,3
3323,1039176,7
3324,1046357,3
3325,915555,0
3326,1012678,6
3327,1139534,9
3328,924634,5
3329,1139332,8
3330,1060042,7
3331,1012500,8
3332,1020218,3
3333,1107061,7
3334,648368,9
3335,1094464,3
3336,915555,2
3337,1099408,9
3338,939388,1
3339,924638,13
3340,813955,5
3341,766386,5
3342,1012136,0
3343,1138672,3
3344,1045441,1
3345,1099408,10
3346,958844,3
3347,1107072,8
3348,1012404,3
3349,1072200,9
3350,732715,2
3351,1021071,13
3352,1012500,9
3353,880056,11
3354,1079586,6
3355,1086866,8
3356,875451,1
3357,1138651,1
3358,958842,2
3359,753469,3
3360,1138662,7
3361,1138651,1
3362,1087463,13
3363,1045832,10
3364,743810,2
3365,1013745,0
3366,694376,10
3367,959619,6
3368,872369,3
3369,829231,8
3370,975331,10
3371,1138672,12
3372,1090713,14
3373,914376,12
3374,1068477,6
3375,955942,6
3376,898674,12
3377,1099408,7
3378,999642,6
3379,955938,1
3380,1107072,4
3381,955945,6
3382,980450,7
3383,737551,9
3384,980450,10
3385,694376,11
3386,1094464,7
3387,1090713,10
3388,1089801,1
3389,691600,6
3390,829232,11
3391,1013748,4
3392,1012678,7
3393,958966,1
3394,1083198,1
3395,1012498,1
3396,935615,6
3397,900144,12
3398,1095092,9
3399,703911,0
3400,1020218,6
3401,1138427,0
3402,694376,6
3403,735856,2
3404,1138672,10
3405,825254,2
3406,958836,0
3407,1021072,13
3408,892933,1
3409,915555,10
3410,1018064,0
3411,743188,7
3412,1083920,12
3413,1013742,8
3414,735856,5
3415,813955,7
3416,955945,7
3417,1010651,6
3418,1095084,5
3419,1029783,2
3420,958835,4
3421,1012499,4
3422,1046357,5
3423,924638,12
3424,994379,13
3425,1021071,12
3426,1014379,4
3427,721569,9
3428,955945,5
3429,1023050,14
3430,1080242,1
3431,1139790,0
3432,764681,0
3433,1080235,6
3434,860679,10
3435,1139604,10
3436,1013847,1
3437,839869,1
3438,1029783,13
3439,1012498,9
3440,1100538,2
3441,1099293,8
3442,1051517,5
3443,737551,1
3444,1012134,4
3445,1077841,8
3446,872369,6
3447,1023050,11
3448,959619,13
3449,1013748,0
3450,958966,0
3451,1012679,13
3452,924797,1
3453,924626,12
3454,939388,9
3455,1012134,9
3456,914376,13
3457,1013307,14
3458,1015043,1
3459,898674,5
3460,1015043,1
3461,1138428,6
3462,1009102,4
3463,743810,4
3464,955944,1
3465,955954,14
3466,1139951,9
3467,786155,5
3468,994379,10
3469,1099408,4
3470,899902,12
3471,1009102,0
3472,1060244,0
3473,1015043,10
3474,753469,2
3475,1051517,12
3476,1139788,14
3477,1082015,8
3478,1074392,12
3479,1023050,12
3480,679452,2
3481,722853,6
3482,1060245,6
3483,786155,5
3484,1138668,6
3485,1013847,5
3486,1021071,14
3487,880056,2
3488,1133843,14
3489,1138672,3
3490,797245,2
3491,975331,9
3492,860679,13
3493,955954,5
3494,1046357,0
3495,789575,6
3496,1021073,10
3497,1035996,2
3498,1133843,13
3499,1085542,10
3500,928007,4
3501,764681,9
3502,994379,14
3503,1046357,6
3504,679452,8
3505,1083908,10
3506,1090713,8
3507,899902,6
3508,1139790,9
3509,720921,6
3510,899902,3
3511,955944,13
3512,1043795,0
3513,1087463,1
3514,1094463,10
3515,957326,8
3516,924634,13
3517,879118,1
3518,1047654,2
3519,898674,14
3520,1045441,13
3521,872369,0
3522,999808,0
3523,1035996,13
3524,1031083,4
3525,1083920,10
3526,924636,2
3527,999642,5
3528,980450,8
3529,721569,1
3530,1104243,12
3531,924239,8
3532,1139788,14
3533,1007629,0
3534,999642,2
3535,957326,2
3536,1060042,6
3537,1068477,1
3538,1031083,9
3539,1083198,12
3540,1060042,2
3541,697755,6
3542,1043795,6
3543,984442,13
3544,924626,8
3545,955944,0
3546,1039176,8
3547,926363,11
3548,955945,8
3549,706135,7
3550,1010651,9
3551,879118,3
3552,1079586,5
3553,648368,7
3554,898674,3
3555,735856,3
3556,1080242,11
3557,691600,13
3558,1045832,14
3559,1138730,13
3560,735856,0
3561,1107061,6
3562,1138668,4
3563,875451,5
3564,1015040,6
3565,1138427,1
3566,880056,10
3567,958837,6
3568,1094463,5
3569,1021075,1
3570,1139604,14
3571,729504,10
3572,928007,14
3573,1015043,3
3574,963141,2
3575,1029783,11
3576,923855,5
3577,924634,1
3578,1087463,2
3579,924634,4
3580,1020218,9
3581,924638,11
3582,1138428,8
3583,691600,10
3584,872369,1
3585,1012134,7
3586,1014090,11
3587,839869,12
3588,941230,12
3589,872369,10
3590,1021075,5
3591,1013847,6
3592,1013847,10
3593,1082015,2
3594,706135,3
3595,782482,0
3596,1099408,6
3597,1012134,2
3598,648368,10
3599,1035996,9
3600,1138668,5
3601,1089801,9
3602,1087463,6
3603,1090318,6
3604,735828,0
3605,776026,4
3606,958835,7
3607,790022,3
3608,1051517,13
3609,924636,11
3610,959619,14
3611,1056054,7
3612,975331,12
3613,1139310,0
3614,1049703,14
3615,1072200,2
3616,924631,5
3617,1099293,12
3618,1139604,11
3619,1012679,6
3620,1010651,14
3621,648368,3
3622,898844,3
3623,1089801,5
3624,1090318,8
3625,1021071,7
3626,1020218,3
3627,776026,6
3628,813954,4
3629,879118,4
3630,860362,2
3631,1012498,14
3632,1087463,7
3633,1095092,0
3634,1139534,14
3635,1139309,3
3636,973034,5
3637,915555,6
3638,1090318,5
3639,812729,5
3640,1049157,7
3641,1012499,11
3642,980450,14
3643,926363,9
3644,1046357,1
3645,1009102,13
3646,1083920,4
3647,958843,4
3648,1077841,11
3649,892933,5
3650,677543,14
3651,1139789,13
3652,1138662,0
3653,959153,2
3654,688631,5
3655,1035996,8
3656,1036594,9
3657,879667,0
3658,1083908,2
3659,1012499,0
3660,1020218,8
3661,955954,6
3662,1099408,9
3663,720339,8
3664,1012680,7
3665,1133843,10
3666,955945,4
3667,1021071,0
3668,786153,1
3669,959619,7
3670,1051517,2
3671,1090318,8
3672,1013038,9
3673,720921,10
3674,1068477,3
3675,911663,8
3676,702570,0
3677,1139789,5
3678,806343,9
3679,1082015,11
3680,1139788,12
3681,879118,11
3682,1095092,5
3683,839869,6
3684,1136851,0
3685,1015043,0
3686,803375,11
3687,958835,0
3688,1015039,6
3689,1139789,13
3690,1021075,9
3691,1039176,12
3692,892933,8
3693,1012134,11
3694,749982,10
3695,924638,10
3696,1013748,5
3697,1012499,5
3698,1047654,0
3699,825254,9
3700,958837,2
3701,776032,8
3702,813954,5
3703,1043795,5
3704,860362,11
3705,1060042,9
3706,1107072,1
3707,776032,2
3708,736268,7
3709,880054,1
3710,720339,8
3711,958844,13
3712,1083920,5
3713,1095092,2
3714,1060244,13
3715,1080235,13
3716,994379,5
3717,1138428,1
3718,1043795,9
3719,789575,1
3720,721569,4
3721,1018064,8
3722,1139350,4
3723,797245,1
3724,1069251,0
3725,1139309,1
3726,924638,0
3727,1074392,11
3728,955942,12
3729,1018064,6
3730,1012506,0
3731,1072200,10
3732,786154,9
3733,648368,13
3734,1012679,12
3735,735856,6
3736,941230,12
3737,1012500,12
3738,1012136,5
3739,980450,7
3740,958843,7
3741,806343,7
3742,797245,11
3743,1083908,9
3744,1095092,6
3745,1051517,11
3746,1136851,1
3747,955943,0
3748,1051517,3
3749,1049227,2
3750,1139294,0
3751,872369,11
3752,860679,12
3753,958837,13
3754,1060245,2
3755,691600,8
3756,731970,6
3757,829229,12
3758,1014090,8
3759,1015039,12
3760,1013748,6
3761,1080242,9
3762,813954,10
3763,1083908,0
3764,698317,11
3765,706924,10
3766,1087463,0
3767,676549,1
3768,999642,3
3769,677543,4
3770,1018064,3
3771,720921,14
3772,939388,4
3773,958837,7
3774,1029615,7
3775,959153,7
3776,928007,7
3777,975331,1
3778,749982,11
3779,1013832,13
3780,1060042,3
3781,911663,5
3782,1138660,1
3783,924631,7
3784,957291,11
3785,1048430,7
3786,1015040,7
3787,1015051,0
3788,860362,3
3789,1107072,5
3790,1035996,7
3791,688631,10
3792,955943,7
3793,957291,1
3794,1024572,10
3795,958842,0
3796,958837,12
3797,677543,10
3798,829229,13
3799,1077841,9
3800,879667,4
3801,1107061,5
3802,648368,6
3803,1027844,14
3804,1138662,7
3805,1080242,6
3806,1023050,7
3807,1021075,8
3808,1029783,5
3809,1139790,4
3810,1089603,4
3811,1031083,10
3812,1013010,1
3813,731970,7
3814,1086866,1
3815,698317,4
3816,963141,0
3817,1036594,0
3818,1023050,10
3819,825254,13
3820,958837,1
3821,1046357,9
3822,1138730,6
3823,1080235,10
3824,880056,0
3825,1083198,0
3826,813955,9
3827,1079586,8
3828,1107072,2
3829,924239,9
3830,1036594,2
3831,1015051,5
3832,924638,3
3833,1060245,4
3834,914376,8
3835,1009102,10
3836,786154,5
3837,703911,2
3838,1012498,7
3839,764681,0
3840,958844,11
3841,829232,8
3842,1138428,7
3843,911663,14
3844,1087463,5
3845,1139534,13
3846,860679,6
3847,1138670,6
3848,806343,6
3849,806343,13
3850,1077841,9
3851,1099293,9
3852,1012499,11
3853,1013010,2
3854,1049703,8
3855,898844,6
3856,1009102,4
3857,1012134,0
3858,1080235,5
3859,1013832,5
3860,984442,10
3861,720922,0
3862,1012678,2
3863,729504,6
3864,1010651,6
3865,829232,9
3866,1139332,10
3867,860362,2
3868,1023050,4
3869,1035996,13
3870,782482,9
3871,1014090,12
3872,1094463,11
3873,1045446,8
3874,955944,9
3875,1094463,11
3876,1018064,13
3877,1139294,3
3878,1012506,0
3879,1013832,7
3880,1136851,14
3881,1012680,5
3882,1018064,14
3883,1045446,3
3884,958835,3
3885,1138978,0
3886,743810,4
3887,1138672,4
3888,980450,3
3889,648368,2
3890,911663,5
3891,1013847,5
3892,1045446,10
3893,1104243,2
3894,1024572,8
3895,898674,2
3896,1138978,7
3897,1072200,11
3898,926363,0
3899,958838,5
3900,1012404,11
3901,1068477,1
3902,1007629,5
3903,1013742,2
3904,1012404,3
3905,1139789,10
3906,935615,4
3907,1047654,4
3908,829229,3
3909,958842,5
3910,829229,1
3911,957291,7
3912,880056,4
3913,1082015,12
3914,1021072,2
3915,1083920,7
3916,1138662,3
3917,1013038,6
3918,975331,11
3919,743188,13
3920,1099293,12
3921,764681,13
3922,984442,0
3923,898674,13
3924,957326,6
3925,1138978,10
3926,963141,11
3927,776026,12
3928,1139534,1
3929,1056054,6
3930,924797,9
3931,1104243,13
3932,786155,13
3933,676545,10
3934,1139789,14
3935,1092304,9
3936,1090318,11
3937,1080235,9
3938,1090713,8
3939,939388,9
3940,698317,3
3941,984442,6
3942,1083198,5
3943,955942,13
3944,1074392,6
3945,1014379,2
3946,1099293,10
3947,720922,2
3948,1136851,2
3949,1012498,8
3950,1012498,4
3951,1138427,0
3952,1104243,7
3953,1133668,5
3954,924239,6
3955,923855,2
3956,1082015,8
3957,872369,13
3958,697755,4
3959,1049227,0
3960,1049157,10
3961,1079586,2
3962,1138832,10
3963,1060244,3
3964,1014090,13
3965,1049703,6
3966,1046357,11
3967,1027844,10
3968,924638,9
3969,736268,11
3970,1138662,2
3971,677543,6
3972,729504,1
3973,797245,11
3974,1138428,9
3975,1060245,8
3976,935615,5
3977,1139604,4
3978,1099293,11
3979,1133843,6
3980,1139332,12
3981,825254,11
3982,720922,7
3983,1056054,4
3984,1046357,12
3985,1090318,12
3986,1031083,9
3987,926363,4
3988,1079586,12
3989,731970,9
3990,924636,1
3991,677543,4
3992,959619,0
3993,1013307,0
3994,955944,11
3995,924634,6
3996,1138427,10
3997,829229,14
3998,737551,4
3999,1079586,3
4000,1015051,12
4001,720339,6
4002,955954,9
4003,766386,10
4004,1139790,2
4005,928007,13
4006,872369,5
4007,984442,2
4008,753469,4
4009,1095092,10
4010,1056054,5
4011,1096225,5
4012,786155,1
4013,803375,9
4014,1060042,12
4015,1139309,4
4016,706135,11
4017,1012680,11
4018,900144,7
4019,1021072,13
4020,1021073,0
4021,1012679,4
4022,686057,2
4023,1139789,7
4024,1013038,5
4025,789575,4
4026,999642,1
4027,1012680,1
4028,875451,14
4029,721569,10
4030,764681,9
4031,1045441,10
4032,1013742,4
4033,1087463,5
4034,1099293,10
4035,1009102,11
4036,1074392,5
4037,1045832,11
4038,1086866,5
4039,1027846,8
4040,860362,14
4041,1083198,3
4042,879667,11
4043,1010651,11
4044,1094463,3
4045,1086866,13
4046,1083908,12
4047,698317,12
4048,1035996,9
4049,782482,14
4050,702570,2
4051,999642,3
4052,688631,8
4053,697755,7
4054,703911,0
4055,999642,7
4056,1043795,2
4057,735828,0
4058,1133668,8
4059,1012499,2
4060,1136851,9
4061,959153,12
4062,1049703,3
4063,924626,4
4064,1013038,3
4065,786153,10
4066,706135,10
4067,1139790,8
4068,1083920,8
4069,959153,4
4070,1139534,0
4071,1013748,3
4072,706135,5
4073,1012939,1
4074,1029783,1
4075,1012134,3
4076,1012506,10
4077,924797,14
4078,1086866,12
4079,1095092,5
4080,1015040,9
4081,1085542,12
4082,1082015,9
4083,1080242,0
4084,732715,6
4085,1099408,0
4086,1021075,4
4087,1087463,14
4088,915555,1
4089,1068477,0
4090,813954,13
4091,924797,0
4092,1086866,11
4093,958966,4
4094,720339,11
4095,923855,12
4096,892933,9
4097,735828,10
4098,839869,7
4099,1020218,7
4100,735828,2
4101,1049703,12
4102,1083198,1
4103,984442,4
4104,975331,4
4105,1092304,4
4106,1085542,0
4107,924638,14
4108,1092304,0
4109,1139534,10
4110,1133668,11
4111,924631,0
4112,963141,10
4113,1139294,11
4114,880054,4
4115,955945,11
4116,898674,1
4117,1045446,13
4118,1013307,5
4119,1100538,6
4120,1077841,1
4121,1077841,6
4122,898844,0
4123,1049227,7
4124,1013038,3
4125,1139789,2
4126,958835,5
4127,1012680,8
4128,1138672,13
4129,1133668,6
4130,860679,5
4131,1020218,4
4132,923855,6
4133,1020218,0
4134,743188,12
4135,1139332,12
4136,776026,5
4137,1104243,10
4138,806343,14
4139,958843,5
4140,1138427,5
4141,872369,5
4142,1021073,9
4143,686057,10
4144,1139534,4
4145,924631,0
4146,924636,5
4147,1074392,0
4148,957326,10
4149,786154,9
4150,1013010,10
4151,1021073,14
4152,924636,6
4153,1015040,4
4154,898844,5
4155,1013745,3
4156,1080235,13
4157,1133668,9
4158,1051517,0
4159,1138672,10
4160,860362,9
4161,1013038,0
4162,1010651,10
4163,722853,1
4164,1138670,6
4165,1133668,4
4166,720921,13
4167,1104243,3
4168,1009102,7
4169,1074392,8
4170,1085542,7
4171,1099408,8
4172,1031083,14
4173,879118,10
4174,1018064,14
4175,958843,5
4176,1021072,6
4177,1139790,3
4178,1138672,0
4179,698317,1
4180,825254,4
4181,661732,3
4182,721569,7
4183,1012506,2
4184,1094463,12
4185,1035996,1
4186,825254,14
4187,697755,1
4188,1139788,8
4189,958838,8
4190,1086866,6
4191,1139604,8
4192,1023050,9
4193,926363,6
4194,1080235,0
4195,958836,4
4196,1029783,3
4197,958842,4
4198,1024572,9
4199,839869,6
4200,915555,4
4201,1138832,14
4202,721569,14
4203,955943,3
4204,939388,7
4205,959619,10
4206,782482,5
4207,1035996,5
4208,941230,8
4209,1077841,14
4210,782482,1
4211,1099293,0
4212,720339,0
4213,1043795,8
4214,766386,6
4215,731970,1
4216,736268,9
4217,1068477,9
4218,915555,13
4219,688631,13
4220,1096225,4
4221,694376,4
4222,955938,0
4223,994379,0
4224,691600,14
4225,958836,7
4226,1086866,12
4227,813955,11
4228,1083198,2
4229,731970,14
4230,939388,2
4231,941230,8
4232,1045446,7
4233,955944,14
4234,1138662,3
4235,1043795,2
4236,914376,7
4237,1015051,5
4238,722853,4
4239,958966,3
4240,789575,11
4241,1072200,3
4242,959153,4
4243,839869,11
4244,880056,9
4245,786155,0
4246,924636,13
4247,1049157,9
4248,898844,9
4249,1099408,0
4250,1045832,9
4251,1045441,7
4252,1095084,4
4253,782482,14
4254,941230,11
4255,1024572,5
4256,1139534,14
4257,1107061,4
4258,790022,13
4259,1083920,14
4260,955954,7
4261,1107072,9
4262,1133843,9
4263,670954,0
4264,1083920,1
4265,732715,14
4266,753469,1
4267,1009102,12
4268,1018064,12
4269,939388,6
4270,1139604,4
4271,1089801,14
4272,892933,4
4273,694376,2
4274,999642,8
4275,1013038,9
4276,1018064,9
4277,1014379,1
4278,1082015,2
4279,1138427,13
4280,879118,0
4281,676545,12
4282,900144,12
4283,729504,3
4284,1035996,3
4285,1138832,9
4286,786155,7
4287,1049703,0
4288,1139332,4
4289,898674,8
4290,749982,4
4291,1133843,7
4292,872369,13
4293,706924,14
4294,955954,8
4295,806343,2
4296,1012134,8
4297,1138730,1
4298,1138428,11
4299,860679,4
4300,1015051,10
4301,806343,10
4302,1012506,3
4303,1079586,13
4304,786153,8
4305,1060042,10
4306,1021073,1
4307,898844,9
4308,1021075,13
4309,958844,0
4310,749982,12
4311,679452,4
4312,839869,4
4313,999642,13
4314,880054,8
4315,1095084,3
4316,829229,6
4317,691600,10
4318,1039176,7
4319,1138730,1
4320,735828,6
4321,1086866,9
4322,786154,11
4323,1060245,10
4324,1138651,5
4325,924634,7
4326,1045446,6
4327,720921,4
4328,926363,7
4329,1015043,5
4330,1094463,7
4331,959153,10
4332,825254,5
4333,1139294,13
4334,829229,1
4335,1133843,13
4336,1045441,5
4337,958832,0
4338,1013748,10
4339,911663,4
4340,686057,1
4341,1080235,11
4342,1139348,2
4343,1012680,3
4344,941230,7
4345,812729,5
4346,697755,11
4347,935615,2
4348,1139294,9
4349,955923,5
4350,1086866,13
4351,1100538,11
4352,698317,0
4353,679452,12
4354,691600,14
4355,1107061,0
4356,957326,9
4357,1012136,8
4358,703911,3
4359,1012506,1
4360,1138978,0
4361,963141,12
4362,1083198,10
4363,1139951,5
4364,1060042,4
4365,1021071,9
4366,955943,6
4367,706924,11
4368,735856,2
4369,1012134,14
4370,648368,0
4371,721569,11
4372,825254,7
4373,900144,11
4374,1094464,11
4375,691600,6
4376,911663,0
4377,941230,14
4378,973034,9
4379,924626,6
4380,1013832,14
4381,1021071,14
4382,955942,5
4383,1013010,11
4384,1015051,2
4385,1051517,1
4386,1138832,13
4387,958966,5
4388,860679,0
4389,1013307,10
4390,1029783,8
4391,786153,14
4392,1104243,5
4393,1080242,12
4394,973034,2
4395,899902,13
4396,915555,5
4397,1104243,10
4398,736268,6
4399,1012500,10
4400,880054,11
4401,776032,13
4402,1138660,11
4403,924631,5
4404,782482,12
4405,1012680,13
4406,1012499,8
4407,928007,1
4408,1051517,11
4409,1139788,3
4410,880053,4
4411,1007629,11
4412,1045832,12
4413,957326,4
4414,1139604,1
4415,957291,10
4416,1036594,8
4417,1031083,8
4418,743810,13
4419,860362,8
4420,1139788,10
4421,958838,8
4422,958838,5
4423,1138668,4
4424,688631,1
4425,1089129,4
4426,1085542,12
4427,1068477,12
4428,764681,12
4429,1056054,0
4430,829232,13
4431,941230,5
4432,803375,10
4433,706135,7
4434,1080242,5
4435,958837,6
4436,958836,2
4437,1087463,9
4438,1085542,2
4439,829232,0
4440,959619,12
4441,786154,13
4442,914376,2
4443,1138672,5
4444,1029615,11
4445,911663,13
4446,1013745,4
4447,1139534,4
4448,677543,7
4449,1013832,6
4450,789575,13
4451,1027844,6
4452,1138832,4
4453,963141,1
4454,900144,6
4455,1095092,4
4456,1012499,8
4457,1021071,7
4458,994379,3
4459,1139534,7
4460,880056,12
4461,1069251,2
4462,1077841,0
4463,722853,5
4464,963141,14
4465,900144,11
4466,1139294,4
4467,1012136,5
4468,1138670,0
4469,786154,13
4470,880054,9
4471,1099408,2
4472,1090318,10
4473,1020218,13
4474,1077841,4
4475,911663,14
4476,825254,1
4477,955944,6
4478,924636,6
4479,1139332,14
4480,1023050,11
4481,1138662,1
4482,786154,14
4483,1013010,14
4484,670954,1
4485,1007629,13
4486,1080242,1
4487,935615,8
4488,924636,9
4489,1035996,3
4490,825254,5
4491,677543,3
4492,1139350,5
4493,1012500,8
4494,1013010,10
4495,1047654,6
4496,860679,8
4497,872369,1
4498,1039176,2
4499,1039176,1
4500,980450,4
4501,1015051,10
4502,1086866,11
4503,1136851,6
4504,722853,2
4505,1060042,5
4506,1094463,9
4507,958835,13
4508,1138427,3
4509,955943,10
4510,698317,4
4511,1138662,0
4512,1015051,13
4513,959153,14
4514,924797,9
4515,776032,7
4516,880056,3
4517,686057,6
4518,860679,2
4519,829229,0
4520,958836,9
4521,1045441,1
4522,955954,10
4523,957326,11
4524,923855,12
4525,975331,10
4526,1029615,10
4527,1014379,5
4528,694376,12
4529,958832,11
4530,1139310,4
4531,1089801,2
4532,688631,7
4533,1092304,14
4534,1013038,8
4535,743810,3
4536,1012679,0
4537,1007629,4
4538,661732,10
4539,1139310,0
4540,1048430,1
4541,1139790,5
4542,955923,3
4543,703911,4
4544,1043795,12
4545,1014090,7
4546,829229,11
4547,924634,11
4548,1021071,10
4549,1090318,2
4550,1045832,2
4551,1015039,0
4552,1090713,13
4553,955943,12
4554,1029783,11
4555,1094463,7
4556,1138662,8
4557,1139951,8
4558,688631,9
4559,1012136,10
4560,963141,8
4561,1045446,7
4562,720339,14
4563,1080235,12
4564,1139788,11
4565,923855,14
4566,1031083,8
4567,736268,7
4568,1138427,7
4569,1138670,0
4570,776032,8
4571,1010651,2
4572,892933,12
4573,679452,10
4574,786153,4
4575,955945,2
4576,872369,11
4577,1013742,5
4578,892933,2
4579,1138651,7
4580,676545,1
4581,1083908,12
4582,829232,14
4583,1138660,12
4584,959619,12
4585,955944,5
4586,1083920,3
4587,1107072,12
4588,958832,3
4589,735828,5
4590,839869,13
4591,1045446,2
4592,1035996,12
4593,1138978,5
4594,1133843,9
4595,776026,8
4596,697755,9
4597,697755,11
4598,676549,0
4599,958842,12
4600,706924,1
4601,1082015,3
4602,1045446,5
4603,697755,14
4604,806343,3
4605,676545,8
4606,706924,7
4607,1138662,10
4608,1012499,6
4609,860362,0
4610,1036594,6
4611,1029783,6
4612,1012939,2
4613,691600,8
4614,924636,12
4615,1039176,3
4616,1045446,0
4617,899902,12
4618,1013742,2
4619,1138670,5
4620,860362,1
4621,1138662,11
4622,1099293,11
4623,1060042,0
4624,955954,5
4625,1139951,8
4626,676549,2
4627,1049703,9
4628,1095084,11
4629,1138668,2
4630,924797,8
4631,737551,0
4632,1139350,2
4633,880056,9
4634,924636,8
4635,1036594,13
4636,1139604,2
4637,1036594,2
4638,648368,8
4639,1092304,12
4640,782482,12
4641,1027844,4
4642,879667,11
4643,676545,9
4644,914376,2
4645,1139951,3
4646,1087463,4
4647,1089801,2
4648,1138651,6
4649,706924,5
4650,1010651,9
4651,720922,2
4652,1092304,10
4653,766386,5
4654,1035996,4
4655,958842,2
4656,1138662,2
4657,1138660,4
4658,749982,8
4659,935615,3
4660,1010651,3
4661,1012498,11
4662,959153,13
4663,1074392,2
4664,1013832,2
4665,1012939,1
4666,697755,6
4667,1049157,6
4668,1139332,7
4669,1013742,0
4670,1012498,1
4671,1068477,3
4672,1082015,7
4673,975331,4
4674,1138427,4
4675,1138832,7
4676,776026,10
4677,736268,12
4678,1139348,5
4679,720339,4
4680,743188,1
4681,955938,0
4682,1090713,7
4683,1045832,6
4684,939388,8
4685,1133668,3
4686,1139788,0
4687,1089129,0
4688,1045441,0
4689,915555,1
4690,839869,10
4691,1015043,2
4692,1139294,3
4693,1079586,1
4694,1024572,11
4695,786154,2
4696,1024572,0
4697,911663,12
4698,958843,11
4699,1012499,9
4700,1133843,0
4701,677543,11
4702,1094464,0
4703,1090318,1
4704,786155,1
4705,928007,7
4706,721569,8
4707,955945,5
4708,1107061,7
4709,1045441,8
4710,735828,13
4711,923855,5
4712,875451,2
4713,812729,2
4714,721569,7
4715,786154,12
4716,1047654,2
4717,1015043,8
4718,1139332,6
4719,1085542,14
4720,786153,2
4721,879667,2
4722,1068477,2
4723,924631,8
4724,963141,6
4725,776026,13
4726,1068477,10
4727,1035996,5
4728,898674,3
4729,1018064,4
4730,973034,11
4731,720921,12
4732,1015040,0
4733,958843,13
4734,1027846,13
4735,880056,13
4736,898844,10
4737,984442,5
4738,1139294,1
4739,1139534,6
4740,1013745,0
4741,875451,1
4742,1082015,1
4743,1029783,13
4744,1045441,11
4745,1085542,9
4746,1018064,12
4747,1138730,0
4748,1027844,6
4749,1013307,3
4750,1036594,13
4751,1083908,6
4752,1138660,0
4753,1012498,5
4754,829231,0
4755,1020218,14
4756,722853,8
4757,1012680,1
4758,1139790,13
4759,1013307,8
4760,958842,14
4761,973034,4
4762,1138978,8
4763,1027846,6
4764,661732,7
4765,1082015,4
4766,1069251,4
4767,1087463,12
4768,735828,9
4769,803375,10
4770,957291,5
4771,735828,4
4772,829232,4
4773,1012939,2
4774,955942,13
4775,676545,3
4776,984442,9
4777,1012679,10
4778,806343,12
4779,839869,3
4780,743810,8
4781,720921,2
4782,1051517,1
4783,955923,4
4784,958838,2
4785,955944,2
4786,735828,4
4787,1083908,5
4788,958838,1
4789,743188,11
4790,892933,13
4791,1046357,13
4792,1133843,12
4793,1060244,11
4794,829229,4
4795,1048430,4
4796,1009102,1
4797,928007,5
4798,1080242,8
4799,782482,10
4800,941230,0
4801,790022,4
4802,1139309,2
4803,1027844,7
4804,1045441,13
4805,1107061,1
4806,786155,4
4807,1015043,2
4808,926363,12
4809,1139604,2
4810,1027846,0
4811,721569,11
4812,1083198,7
4813,1089129,8
4814,1139332,2
4815,1014090,14
4816,899902,1
4817,1043795,7
4818,1023050,0
4819,900144,7
4820,955938,3
4821,737551,11
4822,1138660,11
4823,1013307,1
4824,1020218,5
4825,1043795,1
4826,797245,6
4827,1015040,9
4828,1099293,7
4829,1094463,14
4830,702570,1
4831,722853,10
4832,1045441,12
4833,1013748,5
4834,898844,3
4835,731970,12
4836,941230,14
4837,1139348,3
4838,1107072,3
4839,879667,8
4840,1139789,11
4841,813954,11
4842,1094463,14
4843,939388,0
4844,743188,4
4845,1083920,11
4846,994379,12
4847,958837,12
4848,1018064,3
4849,1090713,9
4850,749982,1
4851,776032,1
4852,648368,13
4853,1012499,10
4854,736268,2
4855,1012680,14
4856,1138660,10
4857,1138730,2
4858,729504,10
4859,706924,10
4860,766386,0
4861,806343,10
4862,706135,2
4863,676549,6
4864,697755,9
4865,1083920,10
4866,1086866,6
4867,790022,9
4868,958837,5
4869,1012500,6
4870,813955,9
4871,1031083,2
4872,676545,2
4873,1013832,8
4874,688631,13
4875,941230,9
4876,958844,6
4877,955942,0
4878,958843,3
4879,1060245,3
4880,898844,0
4881,957291,3
4882,1138651,12
4883,1136851,7
4884,1138832,13
4885,753469,4
4886,1089801,7
4887,743188,6
4888,900144,14
4889,924631,10
4890,806343,1
4891,1138428,5
4892,721569,1
4893,1086866,2
4894,860362,8
4895,999808,2
4896,1080242,3
4897,702570,7
4898,1139788,9
4899,686057,8
4900,1012404,5
4901,1139604,3
4902,670954,6
4903,924239,5
4904,1015039,3
4905,686057,12
4906,958844,10
4907,935615,10
4908,959153,3
4909,1013010,9
4910,679452,1
4911,1015040,5
4912,737551,8
4913,1013742,13
4914,1100538,1
4915,1012499,12
4916,813954,8
4917,1049703,13
4918,1039176,14
4919,1012678,7
4920,879667,10
4921,958843,4
4922,1045441,14
4923,1095092,13
4924,732715,8
4925,1039176,9
4926,1095092,11
4927,924636,8
4928,1139789,1
4929,720922,7
4930,1027844,2
4931,797245,8
4932,1012498,14
4933,776026,11
4934,1045441,12
4935,1031083,2
4936,1083920,2
4937,1012404,6
4938,955943,6
4939,1012500,13
4940,1046357,6
4941,1068477,7
4942,677543,8
4943,1048430,6
4944,984442,5
4945,1083908,11
4946,1099293,5
4947,1083908,7
4948,1049227,3
4949,1013748,1
4950,1080242,4
4951,764681,5
4952,676545,13
4953,1013307,2
4954,1045446,6
4955,924631,13
4956,955945,0
4957,1012136,14
4958,1138670,4
4959,1079586,9
4960,1090713,4
4961,1013307,2
4962,1012498,2
4963,924631,13
4964,676549,3
4965,957291,5
4966,736268,4
4967,1072200,0
4968,720921,8
4969,697755,5
4970,743810,1
4971,806343,14
4972,786154,11
4973,735828,14
4974,749982,10
4975,732715,5
4976,1068477,12
4977,924626,0
4978,1139788,3
4979,1069251,6
4980,1013748,14
4981,898844,4
4982,923855,2
4983,1085542,0
4984,1012499,10
4985,732715,10
4986,980450,6
4987,1013010,4
4988,720339,9
4989,999642,4
4990,1012499,3
4991,1045446,12
4992,955945,14
4993,939388,3
4994,1100538,8
4995,1139348,5
4996,813954,6
4997,959153,6
4998,1085542,6
4999,732715,9
5000,1031083,7
5001,1027844,0
5002,776032,12
5003,1086866,0
5004,1049157,1
5005,958837,13
5006,958842,7
5007,688631,11
5008,1139789,6
5009,766386,1
5010,1013742,9
5011,1138832,3
5012,1087463,8
5013,1012679,14
5014,898674,10
5015,959619,9
5016,1089603,7
5017,959153,9
5018,829231,3
5019,1060244,5
5020,1138730,10
5021,1139789,1
5022,1012134,10
5023,1080242,10
5024,1092304,9
5025,958844,14
5026,721569,8
5027,1138832,0
5028,786154,10
5029,679452,3
5030,1013847,7
5031,975331,14
5032,1013832,9
5033,729504,2
5034,1138672,2
5035,879118,9
5036,720921,6
5037,1099408,11
5038,958842,9
5039,790022,8
5040,1085542,11
5041,1012680,6
5042,879118,1
5043,955944,9
5044,1139790,12
5045,1013038,2
5046,1021075,8
5047,706135,0
5048,880802,6
5049,928007,12
5050,975331,8
5051,1060244,14
5052,1012404,2
5053,776026,8
5054,957291,6
5055,892933,14
5056,955954,13
5057,935615,12
5058,1090318,7
5059,706924,14
5060,1060042,5
5061,1012404,0
5062,955942,11
5063,1007629,4
5064,749982,11
5065,776026,11
5066,1077841,6
5067,776032,2
5068,737551,13
5069,892933,14
5070,1045441,8
5071,1012500,10
5072,958836,0
5073,1133843,3
5074,980450,4
5075,782482,3
5076,924626,6
5077,1107072,13
5078,1089801,11
5079,958837,3
5080,958842,3
5081,999808,5
5082,955943,13
5083,1013832,2
5084,898844,7
5085,1139534,2
5086,1079586,9
5087,797245,0
5088,661732,2
5089,955954,6
5090,1089603,1
5091,720922,8
5092,1045441,2
5093,743810,1
5094,829232,6
5095,1021073,13
5096,702570,2
5097,1096225,5
5098,1139332,2
5099,1014379,6
5100,955945,12
5101,984442,1
5102,1029615,5
5103,1012134,3
5104,1027846,12
5105,1012136,7
5106,1029783,1
5107,955943,8
5108,797245,8
5109,1074392,9
5110,813955,4
5111,786154,7
5112,928007,6
5113,879118,2
5114,1083920,9
5115,670954,4
5116,1039176,14
5117,915555,9
5118,924631,14
5119,924239,10
5120,984442,14
5121,984442,9
5122,860679,12
5123,1069251,1
5124,1013307,1
5125,1035996,14
5126,1012134,6
5127,914376,7
5128,729504,0
5129,1085542,5
5130,1056054,0
5131,928007,0
5132,1074392,7
5133,786153,14
5134,1068477,8
5135,1036594,4
5136,797245,3
5137,1013307,9
5138,812729,7
5139,1089801,6
5140,729504,9
5141,1133843,8
5142,1036594,8
5143,706135,12
5144,786155,7
5145,1043795,6
5146,955923,2
5147,1083920,2
5148,1013748,4
5149,900144,10
5150,880056,8
5151,958832,1
5152,806343,8
5153,1083920,14
5154,880054,7
5155,1138428,6
5156,1021071,4
5157,1021071,12
5158,1049703,5
5159,1138428,7
5160,1013847,12
5161,924631,7
5162,1014379,3
5163,923855,7
5164,994379,12
5165,1139534,8
5166,958844,13
5167,957326,5
5168,1139790,8
5169,697755,7
5170,958966,1
5171,1049157,12
5172,935615,7
5173,1100538,8
5174,813954,9
5175,1051517,0
5176,1104243,0
5177,1049703,9
5178,1012680,8
5179,1021071,6
5180,1021075,14
5181,924797,7
5182,1086866,2
5183,1036594,5
5184,959619,0
5185,1139790,13
5186,688631,3
5187,786155,11
5188,1138672,14
5189,975331,2
5190,926363,10
5191,1012680,2
5192,1138651,11
5193,1012678,6
5194,1138832,2
5195,975331,5
5196,789575,0
5197,872369,7
5198,732715,3
5199,880054,6
5200,1024572,2
5201,749982,13
5202,706135,4
5203,1139534,10
5204,958832,8
5205,1138427,11
5206,697755,12
5207,928007,6
5208,1107061,12
5209,1083908,14
5210,743188,5
5211,720921,9
5212,1013748,12
5213,1029615,1
5214,735856,8
5215,1096225,6
5216,691600,2
5217,1021075,6
5218,875451,10
5219,1082015,0
5220,880802,7
5221,958835,1
5222,1021075,0
5223,860362,7
5224,1095092,4
5225,924631,11
5226,706924,12
5227,1013832,3
5228,1099293,8
5229,1010651,12
5230,1138668,2
5231,1095092,7
5232,698317,0
5233,1139604,7
5234,1138672,9
5235,1138428,14
5236,958837,8
5237,1090318,0
5238,1086866,4
5239,958837,14
5240,924634,11
5241,829232,0
5242,1043795,0
5243,1077841,13
5244,1012679,3
5245,1023050,2
5246,1051517,9
5247,735828,11
5248,1021072,1
5249,1045832,8
5250,1060244,13
5251,1012506,7
5252,1089801,9
5253,980450,1
5254,729504,2
5255,720339,3
5256,697755,10
5257,1060042,1
5258,958842,1
5259,753469,1
5260,1036594,3
5261,736268,0
5262,1043795,13
5263,735828,6
5264,1086866,7
5265,1012506,4
5266,677543,3
5267,958842,8
5268,813955,11
5269,676545,10
5270,973034,1
5271,999642,11
5272,1139348,1
5273,1139789,10
5274,1089603,0
5275,1090713,1
5276,1013847,0
5277,1036594,14
5278,722853,0
5279,1012499,7
5280,1072200,9
5281,731970,13
5282,661732,0
5283,1094464,10
5284,958843,0
5285,958842,7
5286,1089603,3
5287,839869,4
5288,1012506,5
5289,1013745,5
5290,1083908,3
5291,958832,2
5292,735828,5
5293,694376,13
5294,786154,8
5295,1013748,13
5296,1015040,8
5297,764681,2
5298,999642,10
5299,1046357,1
5300,924636,4
5301,955944,5
5302,1107072,14
5303,941230,7
5304,955944,8
5305,1013745,1
5306,1082015,3
5307,1021073,1
5308,1024572,1
5309,1139604,3
5310,924797,12
5311,1035996,7
5312,957291,1
5313,975331,13
5314,958835,6
5315,958835,9
5316,911663,10
5317,661732,1
5318,813955,12
5319,892933,5
5320,743810,9
5321,1077841,12
5322,679452,7
5323,1027844,8
5324,959619,5
5325,941230,2
5326,980450,1
5327,1039176,4
5328,1077841,1
5329,892933,11
5330,1072200,6
5331,900144,2
5332,958842,4
5333,1136851,2
5334,1021073,10
5335,1013010,8
5336,1012134,11
5337,729504,14
5338,1015039,2
5339,1068477,6
5340,732715,0
5341,1138672,4
5342,1077841,5
5343,1138651,13
5344,735828,10
5345,1021071,11
5346,1060042,1
5347,999642,13
5348,1060244,1
5349,1012939,3
5350,926363,2
5351,980450,14
5352,648368,12
5353,892933,7
5354,729504,4
5355,957291,0
5356,813954,2
5357,963141,2
5358,1043795,5
5359,914376,11
5360,1138427,4
5361,1027844,10
5362,955943,0
5363,1138660,5
5364,670954,1
5365,860679,10
5366,1018064,7
5367,720922,10
5368,935615,3
5369,958842,0
5370,1060245,7
5371,1096225,0
5372,670954,7
5373,994379,9
5374,1080235,3
5375,957291,12
5376,1138978,2
5377,776032,10
5378,1095092,14
5379,1133843,0
5380,686057,8
5381,1138672,0
5382,786155,10
5383,786154,3
5384,1138730,9
5385,924638,2
5386,737551,5
5387,1133843,11
5388,702570,3
5389,803375,2
5390,1012134,6
5391,1012678,8
5392,1014379,3
5393,1029783,14
5394,958838,1
5395,1012679,1
5396,1049703,13
5397,898674,5
5398,1015039,8
5399,1015040,11
5400,790022,3
5401,753469,5
5402,648368,3
5403,1027844,4
5404,892933,12
5405,776026,5
5406,764681,8
5407,1094463,6
5408,790022,13
5409,1139790,11
5410,1045446,13
5411,955944,14
5412,958843,9
5413,1090318,0
5414,880053,2
5415,697755,3
5416,975331,9
5417,1015043,6
5418,1087463,14
5419,1048430,0
5420,691600,12
5421,1035996,4
5422,721569,13
5423,958836,9
5424,1035996,2
5425,1138670,14
5426,1090713,5
5427,679452,2
5428,764681,4
5429,1027846,10
5430,1013847,8
5431,994379,7
5432,1049157,14
5433,924631,3
5434,749982,9
5435,924631,11
5436,702570,6
5437,1013832,0
5438,1107061,6
5439,1049703,10
5440,1100538,13
5441,1133843,4
5442,1027846,3
5443,1045832,4
5444,743810,7
5445,790022,12
5446,872369,2
5447,829232,2
5448,766386,1
5449,790022,2
5450,1015051,6
5451,1021073,7
5452,648368,14
5453,786155,3
5454,1043795,14
5455,1013748,2
5456,941230,3
5457,766386,7
5458,911663,0
5459,1133843,5
5460,959153,9
5461,999642,14
5462,1074392,10
5463,1068477,4
5464,720339,14
5465,955954,14
5466,1039176,8
5467,1060244,10
5468,1139604,13
5469,1021073,9
5470,1013010,8
5471,1089603,4
5472,1089129,0
5473,1029615,6
5474,829231,6
5475,1085542,7
5476,1139350,1
5477,1080235,3
5478,1089801,10
5479,782482,0
5480,1080235,7
5481,676549,1
5482,1021071,2
5483,924634,9
5484,1077841,5
5485,879667,12
5486,1086866,3
5487,1049227,5
5488,924239,4
5489,880802,2
5490,1092304,6
5491,1138668,7
5492,1085542,10
5493,706924,4
5494,984442,7
5495,1049703,0
5496,957326,2
5497,1139790,14
5498,790022,7
5499,743810,14
5500,839869,3
5501,958843,13
5502,1083908,11
5503,720921,11
5504,1012136,1
5505,1138427,2
5506,1018064,5
5507,963141,9
5508,958838,0
5509,957291,9
5510,880802,1
5511,860679,9
5512,1045441,6
5513,720922,0
5514,958844,10
5515,703911,1
5516,1047654,13
5517,1036594,5
5518,1012498,8
5519,924239,2
5520,1082015,12
5521,1087463,2
5522,720922,4
5523,911663,3
5524,1010651,14
5525,924638,12
5526,955944,12
5527,1051517,2
5528,1012136,11
5529,1060244,12
5530,1047654,14
5531,825254,8
5532,1027846,4
5533,1045446,10
5534,1138662,9
5535,1095084,6
5536,1021071,11
5537,706924,13
5538,958842,5
5539,1060245,1
5540,1072200,7
5541,776026,7
5542,829229,10
5543,764681,14
5544,1009102,5
5545,1020218,12
5546,1136851,8
5547,924797,5
5548,1013847,3
5549,958843,0
5550,955942,2
5551,892933,10
5552,935615,6
5553,721569,4
5554,1074392,3
5555,1010651,10
5556,1012499,12
5557,994379,6
5558,1083920,4
5559,1139294,9
5560,661732,9
5561,776026,14
5562,1014379,0
5563,1139951,7
5564,829231,1
5565,1027846,1
5566,1139951,0
5567,1139310,2
5568,999642,6
5569,698317,6
5570,676545,11
5571,924239,7
5572,1029615,9
5573,915555,12
5574,1096225,0
5575,923855,10
5576,1138662,4
5577,941230,9
5578,1139534,5
5579,829232,1
5580,706135,9
5581,1139350,4
5582,743810,11
5583,1029783,9
5584,1139310,3
5585,797245,2
5586,1023050,1
5587,1049157,13
5588,731970,2
5589,973034,10
5590,1138670,12
5591,1012506,1
5592,1056054,7
5593,1083198,14
5594,955942,0
5595,1139294,0
5596,670954,7
5597,1012499,0
5598,1060244,2
5599,1139310,3
5600,875451,2
5601,688631,14
5602,1013010,0
5603,1021071,13
5604,958843,7
5605,1027846,11
5606,915555,2
5607,806343,11
5608,1100538,0
5609,1104243,11
5610,958843,9
5611,679452,11
5612,1049157,11
5613,764681,14
5614,955943,12
5615,1138672,2
5616,1012136,8
5617,803375,13
5618,955954,2
5619,924626,9
5620,776026,3
5621,1021073,4
5622,1095084,14
5623,1136851,11
5624,1139534,3
5625,1080235,8
5626,1021073,14
5627,958837,9
5628,1138427,14
5629,1139788,9
5630,959619,7
5631,939388,5
5632,1095084,4
5633,1012939,4
5634,677543,1
5635,1139310,5
5636,880053,2
5637,1072200,8
5638,1136851,5
5639,1013748,12
5640,1012404,12
5641,1138670,3
5642,1072200,1
5643,980450,6
5644,1012679,1
5645,676545,3
5646,880802,12
5647,958844,7
5648,955944,8
5649,1089801,6
5650,1045446,9
5651,1139790,10
5652,1080235,0
5653,875451,0
5654,1060244,10
5655,941230,13
5656,980450,5
5657,1086866,14
5658,694376,1
5659,973034,0
5660,764681,7
5661,926363,4
5662,1049703,8
5663,1021075,3
5664,923855,1
5665,1023050,6
5666,924626,10
5667,1087463,12
5668,1089801,13
5669,963141,3
5670,1043795,4
5671,1139332,0
5672,1013847,6
5673,898844,11
5674,1048430,5
5675,676545,1
5676,1010651,7
5677,789575,4
5678,955945,13
5679,1094464,4
5680,1012134,5
5681,1095084,5
5682,688631,0
5683,1012679,2
5684,1087463,4
5685,924636,12
5686,789575,10
5687,898674,4
5688,813954,14
5689,1074392,11
5690,1021075,2
5691,963141,1
5692,924636,5
5693,924634,3
5694,980450,0
5695,880802,8
5696,1009102,14
5697,879667,6
5698,1099408,6
5699,1138672,8
5700,1138428,2
5701,720339,1
5702,1015043,3
5703,880054,3
5704,706924,11
5705,911663,2
5706,1068477,13
5707,729504,0
5708,973034,8
5709,926363,1
5710,1027846,10
5711,898674,6
5712,1010651,4
5713,914376,14
5714,1138651,4
5715,1013847,4
5716,1138668,0
5717,829231,4
5718,975331,0
5719,1138730,4
5720,1012498,7
5721,860362,9
5722,1139534,8
5723,911663,3
5724,1090318,9
5725,924634,12
5726,1089603,1
5727,722853,9
5728,735856,4
5729,735856,8
5730,1009102,6
5731,679452,9
5732,1014090,13
5733,743810,0
5734,1027846,14
5735,1139332,5
5736,1015051,4
5737,1031083,13
5738,1089129,4
5739,743810,5
5740,941230,11
5741,706924,2
5742,1012678,1
5743,880054,6
5744,872369,3
5745,1094464,6
5746,1029615,0
5747,731970,2
5748,1139788,13
5749,924638,8
5750,789575,10
5751,1012506,14
5752,1021075,12
5753,720339,5
5754,803375,0
5755,957291,8
5756,924634,14
5757,797245,6
5758,1012498,6
5759,1018064,2
5760,1100538,7
5761,1012939,3
5762,797245,0
5763,776032,4
5764,1039176,4
5765,1089129,1
5766,1100538,14
5767,880054,12
5768,1138660,13
5769,928007,2
5770,803375,3
5771,958966,5
5772,1060042,0
5773,676549,4
5774,1138832,12
5775,1089603,2
5776,1012499,9
5777,1082015,0
5778,1012134,13
5779,803375,7
5780,1036594,7
5781,1089801,8
5782,1107061,12
5783,1138660,9
5784,1077841,13
5785,860362,4
5786,1133668,3
5787,915555,4
5788,1051517,8
5789,994379,9
5790,959153,5
5791,915555,0
5792,879667,0
5793,720922,8
5794,1138428,12
5795,1029615,0
5796,1021071,2
5797,789575,6
5798,911663,8
5799,924634,2
5800,1089801,0
5801,1099408,12
5802,1082015,1
5803,1021071,10
5804,1090713,11
5805,1068477,13
5806,732715,13
5807,764681,8
5808,899902,14
5809,1139788,6
5810,1099293,3
5811,722853,6
5812,1100538,10
5813,1087463,11
5814,1138672,6
5815,875451,11
5816,926363,3
5817,1138670,10
5818,924626,12
5819,1012136,1
5820,898674,7
5821,879667,5
5822,732715,7
5823,776032,14
5824,1139789,9
5825,1046357,4
5826,860362,12
5827,880054,4
5828,1020218,2
5829,1012506,14
5830,1138672,13
5831,911663,9
5832,1077841,14
5833,1139350,1
5834,957326,0
5835,911663,9
5836,1012498,6
5837,924797,1
5838,1095092,12
5839,1094464,8
5840,743188,8
5841,679452,6
5842,1029615,5
5843,1045441,0
5844,958843,11
5845,1090318,12
5846,1012136,9
5847,1138832,9
5848,1056054,2
5849,1013748,7
5850,879667,13
5851,720921,3
5852,1013010,3
5853,1023050,4
5854,1023050,3
5855,898674,1
5856,1009102,2
5857,790022,1
5858,926363,13
5859,959619,8
5860,1072200,4
5861,1138651,13
5862,1107061,3
5863,1138427,6
5864,975331,11
5865,1012134,9
5866,1023050,9
5867,924626,1
5868,958844,9
5869,1090318,6
5870,1139789,4
5871,957326,3
5872,1138662,6
5873,797245,12
5874,955942,10
5875,955923,3
5876,955942,2
5877,706924,0
5878,1100538,5
5879,829232,7
5880,1031083,6
5881,1010651,2
5882,691600,2
5883,1021072,10
5884,1029615,2
5885,963141,7
5886,1027846,14
5887,1015051,14
5888,959153,8
5889,1012136,10
5890,720339,13
5891,963141,6
5892,1060245,5
5893,880054,2
5894,782482,7
5895,839869,9
5896,975331,6
5897,1139534,11
5898,1092304,2
5899,720922,3
5900,1012404,5
5901,1094463,2
5902,776026,9
5903,686057,4
5904,806343,0
5905,776026,6
5906,1045446,11
5907,1013742,12
5908,1043795,8
5909,1013038,7
5910,737551,14
5911,1045446,1
5912,963141,4
5913,679452,8
5914,1080242,4
5915,1013748,13
5916,1068477,11
5917,1138427,2
5918,1013745,2
5919,743188,0
5920,926363,2
5921,720339,6
5922,797245,9
5923,1107061,1
5924,1014090,0
5925,1013742,4
5926,1095092,11
5927,1087463,1
5928,941230,13
5929,1094464,9
5930,729504,5
5931,860362,14
5932,1051517,5
5933,1029615,7
5934,935615,1
5935,879118,6
5936,1089801,0
5937,875451,4
5938,875451,12
5939,1083198,3
5940,829229,12
5941,1047654,4
5942,1020218,10
5943,1107072,4
5944,1018064,5
5945,786153,6
5946,1021073,3
5947,924797,10
5948,1089603,5
5949,1060245,13
5950,924631,12
5951,1138428,2
5952,1095084,1
5953,1012506,10
5954,776032,6
5955,813955,8
5956,957326,7
5957,1027846,2
5958,829229,9
5959,928007,13
5960,973034,6
5961,880802,2
5962,790022,12
5963,676545,6
5964,1015051,3
5965,743810,10
5966,677543,1
5967,1039176,12
5968,735828,12
5969,1049227,3
5970,1104243,8
5971,1082015,10
5972,1069251,2
5973,703911,3
5974,1094463,13
5975,1083920,9
5976,1138978,10
5977,1083908,2
5978,1023050,13
5979,958842,10
5980,1079586,10
5981,1027844,1
5982,928007,5
5983,955945,3
5984,958844,5
5985,999642,9
5986,872369,14
5987,825254,4
5988,691600,3
5989,955938,1
5990,958844,1
5991,1021075,7
5992,1095084,9
5993,875451,12
5994,735828,7
5995,1045446,3
5996,1013038,4
5997,1023050,1
5998,879118,11
5999,957326,0
6000,1138832,3
6001,1138832,4
6002,1013847,2
6003,898844,2
6004,1138730,4
6005,958835,14
6006,1018064,0
6007,1012404,11
6008,677543,6
6009,790022,11
6010,686057,4
6011,1013847,9
6012,1012679,3
6013,879667,14
6014,1138662,12
6015,1012136,6
6016,1014379,0
6017,1010651,5
6018,1060244,4
6019,980450,10
6020,1029783,10
6021,1104243,6
6022,1138978,9
6023,924634,0
6024,688631,6
6025,749982,5
6026,923855,0
6027,955954,11
6028,743188,2
6029,957326,9
6030,1086866,9
6031,1099293,4
6032,924631,4
6033,1048430,3
6034,958966,0
6035,1012136,0
6036,1012939,5
6037,829232,10
6038,679452,9
6039,900144,0
6040,958843,8
6041,1012499,14
6042,1099293,0
6043,677543,0
6044,1035996,11
6045,764681,3
6046,899902,11
6047,813955,10
6048,1015040,0
6049,786153,11
6050,1138651,9
6051,1013038,4
6052,957326,6
6053,1107072,10
6054,1013742,13
6055,1139604,12
6056,661732,9
6057,1043795,11
6058,1056054,2
6059,880802,9
6060,1045446,8
6061,1138730,6
6062,1138662,12
6063,1138978,6
6064,1138651,11
6065,958838,6
6066,914376,12
6067,1136851,10
6068,1138670,9
6069,924638,6
6070,955954,3
6071,1020218,8
6072,880056,12
6073,1013038,6
6074,1021075,9
6075,720921,2
6076,1139604,5
6077,813954,1
6078,661732,0
6079,1139348,1
6080,958835,3
6081,963141,3
6082,1013307,9
6083,789575,8
6084,1139788,7
6085,900144,4
6086,1107072,8
6087,955945,9
6088,1051517,3
6089,1139310,5
6090,1139790,6
6091,1138427,5
6092,959619,1
6093,898844,8
6094,676545,13
6095,1027844,14
6096,1015039,9
6097,1012498,11
6098,892933,9
6099,648368,4
6100,829229,14
6101,1013307,12
6102,915555,7
6103,1013742,10
6104,1107072,11
6105,1021072,4
6106,688631,10
6107,1072200,11
6108,879667,12
6109,1083908,6
6110,1138660,9
6111,1092304,12
6112,686057,3
6113,743810,6
6114,1099408,3
6115,1013010,1
6116,1015040,2
6117,958837,14
6118,1035996,0
6119,1045832,12
6120,880056,8
6121,676545,6
6122,1045441,6
6123,880802,3
6124,955943,7
6125,1138660,2
6126,980450,0
6127,1072200,14
6128,1045446,4
6129,1045832,0
6130,957326,4
6131,994379,8
6132,1013010,13
6133,1045832,2
6134,1107061,13
6135,975331,5
6136,955942,4
6137,1133843,1
6138,1012404,7
6139,1139332,14
6140,694376,11
6141,1087463,10
6142,1048430,0
6143,1014090,1
6144,872369,9
6145,722853,3
6146,955943,5
6147,1074392,4
6148,839869,13
6149,1013307,7
6150,1035996,10
6151,1021072,8
6152,1031083,11
6153,924239,3
6154,812729,4
6155,676549,5
6156,924638,1
6157,720921,8
6158,825254,9
6159,915555,6
6160,737551,8
6161,1039176,6
6162,1083198,13
6163,926363,10
6164,1138672,7
6165,914376,5
6166,1035996,12
6167,1012679,12
6168,1045446,9
6169,1013010,0
6170,1021071,4
6171,957326,1
6172,1039176,10
6173,1012939,0
6174,1015051,8
6175,736268,1
6176,1138651,3
6177,1015051,1
6178,1139788,2
6179,955943,14
6180,1100538,10
6181,720921,7
6182,790022,14
6183,1072200,5
6184,924631,9
6185,1133668,4
6186,1013748,1
6187,1138670,7
6188,880053,0
6189,720921,13
6190,1045832,14
6191,1094464,5
6192,1013742,14
6193,924797,13
6194,1087463,3
6195,1100538,5
6196,924797,6
6197,1083198,0
6198,1012134,0
6199,924636,3
6200,1133668,14
6201,935615,13
6202,1107061,8
6203,955943,2
6204,1138832,2
6205,743188,12
6206,698317,10
6207,1049227,8
6208,688631,14
6209,926363,8
6210,697755,14
6211,939388,6
6212,813954,9
6213,1049703,6
6214,1014090,11
6215,1013742,6
6216,1139310,4
6217,1020218,2
6218,1012136,6
6219,782482,5
6220,1029615,6
6221,1012499,1
6222,899902,2
6223,1139788,2
6224,1045446,2
6225,1015039,1
6226,737551,0
6227,1018064,4
6228,1139310,1
6229,1083920,1
6230,1133668,2
6231,697755,5
6232,1139534,9
6233,898844,4
6234,1060042,13
6235,1029783,14
6236,803375,11
6237,1107061,3
6238,957326,8
6239,1094464,1
6240,1048430,2
6241,1036594,11
6242,1139309,2
6243,1012500,5
6244,1012499,2
6245,806343,2
6246,1013847,8
6247,928007,11
6248,957326,3
6249,1031083,3
6250,957291,14
6251,1021075,14
6252,737551,14
6253,1139789,12
6254,1095084,13
6255,1080235,7
6256,1089129,2
6257,959619,10
6258,958838,2
6259,924636,7
6260,697755,4
6261,786155,3
6262,1138662,14
6263,872369,6
6264,1095084,11
6265,743188,6
6266,1068477,5
6267,813955,3
6268,1013745,1
6269,648368,4
6270,1046357,7
6271,1021075,0
6272,939388,5
6273,915555,8
6274,721569,10
6275,1060244,7
6276,661732,6
6277,1133668,1
6278,999642,0
6279,958835,10
6280,911663,11
6281,776026,1
6282,860362,0
6283,879667,2
6284,1138660,8
6285,924797,13
6286,915555,13
6287,924634,1
6288,1012506,5
6289,1012134,13
6290,880056,13
6291,1100538,2
